--------------------------------------------------------
-- Archivo creado  - miércoles-abril-25-2018   
--------------------------------------------------------
--------------------------------------------------------
--  DDL for Table CUSTOMERS
--------------------------------------------------------

  CREATE TABLE "CUSTOMERS" 
   (	"ID" NUMBER, 
	"NAME" VARCHAR2(255), 
	"COUNTRY" VARCHAR2(255), 
	"GRADE" NUMBER, 
	"SALESMAN_ID" NUMBER
   ) ;
--------------------------------------------------------
--  DDL for Table ORDERS
--------------------------------------------------------

  CREATE TABLE "ORDERS" 
   (	"ID" NUMBER, 
	"AMOUNT" VARCHAR2(255), 
	"ORDER_DATE" VARCHAR2(255), 
	"CUSTOMER_ID" NUMBER, 
	"SALESMAN_ID" NUMBER
   ) ;
--------------------------------------------------------
--  DDL for Table SALESMAN
--------------------------------------------------------

  CREATE TABLE "SALESMAN" 
   (	"ID" NUMBER, 
	"NAME" VARCHAR2(255), 
	"COUNTRY" VARCHAR2(255), 
	"COMMISSION" NUMBER(5,2)
   ) ;
REM INSERTING into CUSTOMERS
SET DEFINE OFF;
Insert into CUSTOMERS (ID,NAME,COUNTRY,GRADE,SALESMAN_ID) values ('364','Hillie Gratland','Australia','135','5433');
Insert into CUSTOMERS (ID,NAME,COUNTRY,GRADE,SALESMAN_ID) values ('365','Ricky Ennew','China','201','5199');
Insert into CUSTOMERS (ID,NAME,COUNTRY,GRADE,SALESMAN_ID) values ('366','Peyter Finker','Canada','448','5171');
Insert into CUSTOMERS (ID,NAME,COUNTRY,GRADE,SALESMAN_ID) values ('367','Onofredo Ditchett','Paraguay','460','5854');
Insert into CUSTOMERS (ID,NAME,COUNTRY,GRADE,SALESMAN_ID) values ('368','Shalna Dawtry','Angola','388','5110');
Insert into CUSTOMERS (ID,NAME,COUNTRY,GRADE,SALESMAN_ID) values ('369','Tremayne Simonnot','China','201','5841');
Insert into CUSTOMERS (ID,NAME,COUNTRY,GRADE,SALESMAN_ID) values ('370','Broddie Eliaz','China','405','5780');
Insert into CUSTOMERS (ID,NAME,COUNTRY,GRADE,SALESMAN_ID) values ('371','Wilone Radleigh','Brazil','154','5577');
Insert into CUSTOMERS (ID,NAME,COUNTRY,GRADE,SALESMAN_ID) values ('372','Cara Conti','Ecuador','187','5942');
Insert into CUSTOMERS (ID,NAME,COUNTRY,GRADE,SALESMAN_ID) values ('373','Mackenzie Harries','China','357','5558');
Insert into CUSTOMERS (ID,NAME,COUNTRY,GRADE,SALESMAN_ID) values ('374','Carma Raithbie','China','104','5470');
Insert into CUSTOMERS (ID,NAME,COUNTRY,GRADE,SALESMAN_ID) values ('375','Gertrud Canape','Russia','345','5072');
Insert into CUSTOMERS (ID,NAME,COUNTRY,GRADE,SALESMAN_ID) values ('376','Hayley Alekhov','China','220','5901');
Insert into CUSTOMERS (ID,NAME,COUNTRY,GRADE,SALESMAN_ID) values ('377','Brinn Ekins','China','298','5354');
Insert into CUSTOMERS (ID,NAME,COUNTRY,GRADE,SALESMAN_ID) values ('378','Christi Fidgin','Uruguay','484','5869');
Insert into CUSTOMERS (ID,NAME,COUNTRY,GRADE,SALESMAN_ID) values ('379','Stephannie Vanyarkin','Finland','350','5466');
Insert into CUSTOMERS (ID,NAME,COUNTRY,GRADE,SALESMAN_ID) values ('380','Reinwald Lammerding','Estonia','343','5438');
Insert into CUSTOMERS (ID,NAME,COUNTRY,GRADE,SALESMAN_ID) values ('381','Aline Urch','Sweden','495','5650');
Insert into CUSTOMERS (ID,NAME,COUNTRY,GRADE,SALESMAN_ID) values ('382','Dino Angerstein','Ukraine','225','5988');
Insert into CUSTOMERS (ID,NAME,COUNTRY,GRADE,SALESMAN_ID) values ('383','Lyman Hardy-Piggin','Indonesia','474','5482');
Insert into CUSTOMERS (ID,NAME,COUNTRY,GRADE,SALESMAN_ID) values ('384','Clim Seivwright','French Polynesia','460','5909');
Insert into CUSTOMERS (ID,NAME,COUNTRY,GRADE,SALESMAN_ID) values ('385','Frederic Tallow','Belarus','231','5925');
Insert into CUSTOMERS (ID,NAME,COUNTRY,GRADE,SALESMAN_ID) values ('386','Dalila Faunch','China','269','5323');
Insert into CUSTOMERS (ID,NAME,COUNTRY,GRADE,SALESMAN_ID) values ('387','Dorolice Sebring','Kosovo','285','5071');
Insert into CUSTOMERS (ID,NAME,COUNTRY,GRADE,SALESMAN_ID) values ('388','Wilden Woolfenden','Afghanistan','357','5179');
Insert into CUSTOMERS (ID,NAME,COUNTRY,GRADE,SALESMAN_ID) values ('389','Anissa Cufflin','Kazakhstan','305','5413');
Insert into CUSTOMERS (ID,NAME,COUNTRY,GRADE,SALESMAN_ID) values ('390','Marne Parrot','Indonesia','303','5219');
Insert into CUSTOMERS (ID,NAME,COUNTRY,GRADE,SALESMAN_ID) values ('391','Meris Sima','China','402','5049');
Insert into CUSTOMERS (ID,NAME,COUNTRY,GRADE,SALESMAN_ID) values ('392','Domingo D''eath','France','388','5363');
Insert into CUSTOMERS (ID,NAME,COUNTRY,GRADE,SALESMAN_ID) values ('393','Brandy Atthowe','Thailand','139','5459');
Insert into CUSTOMERS (ID,NAME,COUNTRY,GRADE,SALESMAN_ID) values ('394','Lamond Nashe','China','127','5291');
Insert into CUSTOMERS (ID,NAME,COUNTRY,GRADE,SALESMAN_ID) values ('395','Phyllida Scamaden','Afghanistan','322','5457');
Insert into CUSTOMERS (ID,NAME,COUNTRY,GRADE,SALESMAN_ID) values ('396','Albert Boeck','Brazil','122','5710');
Insert into CUSTOMERS (ID,NAME,COUNTRY,GRADE,SALESMAN_ID) values ('397','Frans Fritchly','Bosnia and Herzegovina','348','5657');
Insert into CUSTOMERS (ID,NAME,COUNTRY,GRADE,SALESMAN_ID) values ('398','Noby Petheridge','China','500','5586');
Insert into CUSTOMERS (ID,NAME,COUNTRY,GRADE,SALESMAN_ID) values ('399','Burr Spykings','Thailand','484','5929');
Insert into CUSTOMERS (ID,NAME,COUNTRY,GRADE,SALESMAN_ID) values ('400','Felecia Puckring','Honduras','330','5777');
Insert into CUSTOMERS (ID,NAME,COUNTRY,GRADE,SALESMAN_ID) values ('401','Fabiano Triggel','Yemen','395','5576');
Insert into CUSTOMERS (ID,NAME,COUNTRY,GRADE,SALESMAN_ID) values ('402','Gianni Van den Velden','New Zealand','434','5510');
Insert into CUSTOMERS (ID,NAME,COUNTRY,GRADE,SALESMAN_ID) values ('403','Kerr Jurisch','Ireland','211','5359');
Insert into CUSTOMERS (ID,NAME,COUNTRY,GRADE,SALESMAN_ID) values ('404','Stacee Skiplorne','Thailand','103','5699');
Insert into CUSTOMERS (ID,NAME,COUNTRY,GRADE,SALESMAN_ID) values ('405','Buiron Tutill','Serbia','485','5123');
Insert into CUSTOMERS (ID,NAME,COUNTRY,GRADE,SALESMAN_ID) values ('406','Grantham Hasselby','Russia','274','5550');
Insert into CUSTOMERS (ID,NAME,COUNTRY,GRADE,SALESMAN_ID) values ('407','Valentino Elven','United States','270','5382');
Insert into CUSTOMERS (ID,NAME,COUNTRY,GRADE,SALESMAN_ID) values ('408','Oralie Brosh','China','292','5238');
Insert into CUSTOMERS (ID,NAME,COUNTRY,GRADE,SALESMAN_ID) values ('409','Katherine Castard','Dominican Republic','210','5047');
Insert into CUSTOMERS (ID,NAME,COUNTRY,GRADE,SALESMAN_ID) values ('410','Grissel Penburton','Russia','107','5118');
Insert into CUSTOMERS (ID,NAME,COUNTRY,GRADE,SALESMAN_ID) values ('411','Kassi Attenborough','France','306','5699');
Insert into CUSTOMERS (ID,NAME,COUNTRY,GRADE,SALESMAN_ID) values ('412','Aharon Di Bartolomeo','Portugal','338','5087');
Insert into CUSTOMERS (ID,NAME,COUNTRY,GRADE,SALESMAN_ID) values ('413','Law Clail','China','482','5440');
Insert into CUSTOMERS (ID,NAME,COUNTRY,GRADE,SALESMAN_ID) values ('414','Ebenezer Pacey','China','388','5285');
Insert into CUSTOMERS (ID,NAME,COUNTRY,GRADE,SALESMAN_ID) values ('415','Leanora Piesold','China','182','5867');
Insert into CUSTOMERS (ID,NAME,COUNTRY,GRADE,SALESMAN_ID) values ('416','Carl Serrels','China','167','5416');
Insert into CUSTOMERS (ID,NAME,COUNTRY,GRADE,SALESMAN_ID) values ('417','Deedee Curds','Brazil','415','5182');
Insert into CUSTOMERS (ID,NAME,COUNTRY,GRADE,SALESMAN_ID) values ('418','Shaina Murcutt','Brazil','170','5993');
Insert into CUSTOMERS (ID,NAME,COUNTRY,GRADE,SALESMAN_ID) values ('419','Bren Mainson','Sweden','464','5850');
Insert into CUSTOMERS (ID,NAME,COUNTRY,GRADE,SALESMAN_ID) values ('420','Maddie Treske','China','446','5676');
Insert into CUSTOMERS (ID,NAME,COUNTRY,GRADE,SALESMAN_ID) values ('421','Jayson Siehard','Tanzania','170','5832');
Insert into CUSTOMERS (ID,NAME,COUNTRY,GRADE,SALESMAN_ID) values ('422','Galvin Ferretti','Ireland','166','5806');
Insert into CUSTOMERS (ID,NAME,COUNTRY,GRADE,SALESMAN_ID) values ('423','Janet Nunnery','Portugal','256','5252');
Insert into CUSTOMERS (ID,NAME,COUNTRY,GRADE,SALESMAN_ID) values ('424','Dorita Rablan','China','208','5125');
Insert into CUSTOMERS (ID,NAME,COUNTRY,GRADE,SALESMAN_ID) values ('425','Ellyn O''Cridigan','Philippines','121','5585');
Insert into CUSTOMERS (ID,NAME,COUNTRY,GRADE,SALESMAN_ID) values ('426','Hollie Gudger','Indonesia','361','5810');
Insert into CUSTOMERS (ID,NAME,COUNTRY,GRADE,SALESMAN_ID) values ('427','Pearla Seale','Indonesia','387','5963');
Insert into CUSTOMERS (ID,NAME,COUNTRY,GRADE,SALESMAN_ID) values ('428','Carree De Cruze','Portugal','432','5873');
Insert into CUSTOMERS (ID,NAME,COUNTRY,GRADE,SALESMAN_ID) values ('429','Morten Kembley','Indonesia','113','5197');
Insert into CUSTOMERS (ID,NAME,COUNTRY,GRADE,SALESMAN_ID) values ('430','Eleanore Carty','Russia','258','5494');
Insert into CUSTOMERS (ID,NAME,COUNTRY,GRADE,SALESMAN_ID) values ('431','Aurelie Pavie','Gambia','275','5998');
Insert into CUSTOMERS (ID,NAME,COUNTRY,GRADE,SALESMAN_ID) values ('432','Cassandre Foister','Norway','406','5152');
Insert into CUSTOMERS (ID,NAME,COUNTRY,GRADE,SALESMAN_ID) values ('433','Carson Loutheane','Indonesia','157','5502');
Insert into CUSTOMERS (ID,NAME,COUNTRY,GRADE,SALESMAN_ID) values ('434','Jessee Samet','United States','405','5986');
Insert into CUSTOMERS (ID,NAME,COUNTRY,GRADE,SALESMAN_ID) values ('435','Ezechiel Petegre','France','244','5219');
Insert into CUSTOMERS (ID,NAME,COUNTRY,GRADE,SALESMAN_ID) values ('436','Ronna Watchorn','Indonesia','469','5287');
Insert into CUSTOMERS (ID,NAME,COUNTRY,GRADE,SALESMAN_ID) values ('437','Mamie Londer','Portugal','482','5491');
Insert into CUSTOMERS (ID,NAME,COUNTRY,GRADE,SALESMAN_ID) values ('438','Lizzy Cassedy','Russia','455','5855');
Insert into CUSTOMERS (ID,NAME,COUNTRY,GRADE,SALESMAN_ID) values ('439','Artie Lansly','Russia','285','5894');
Insert into CUSTOMERS (ID,NAME,COUNTRY,GRADE,SALESMAN_ID) values ('440','Cicily Bohlin','China','278','5191');
Insert into CUSTOMERS (ID,NAME,COUNTRY,GRADE,SALESMAN_ID) values ('441','Ortensia Bliven','Colombia','433','5064');
Insert into CUSTOMERS (ID,NAME,COUNTRY,GRADE,SALESMAN_ID) values ('442','Giralda Pascall','China','331','5643');
Insert into CUSTOMERS (ID,NAME,COUNTRY,GRADE,SALESMAN_ID) values ('443','Pansy Arnaud','China','142','5612');
Insert into CUSTOMERS (ID,NAME,COUNTRY,GRADE,SALESMAN_ID) values ('444','Keefer Roome','Venezuela','264','5526');
Insert into CUSTOMERS (ID,NAME,COUNTRY,GRADE,SALESMAN_ID) values ('445','Nerte Guppie','Russia','153','5289');
Insert into CUSTOMERS (ID,NAME,COUNTRY,GRADE,SALESMAN_ID) values ('446','Theodosia O''Neill','France','338','5979');
Insert into CUSTOMERS (ID,NAME,COUNTRY,GRADE,SALESMAN_ID) values ('447','Marybelle Snoddy','Laos','165','5629');
Insert into CUSTOMERS (ID,NAME,COUNTRY,GRADE,SALESMAN_ID) values ('448','Jenelle Harkes','Canada','208','5625');
Insert into CUSTOMERS (ID,NAME,COUNTRY,GRADE,SALESMAN_ID) values ('449','Lavina Hammerman','Georgia','318','5448');
Insert into CUSTOMERS (ID,NAME,COUNTRY,GRADE,SALESMAN_ID) values ('450','Diego Ondrich','Myanmar','214','5099');
Insert into CUSTOMERS (ID,NAME,COUNTRY,GRADE,SALESMAN_ID) values ('451','Devon Kittoe','Russia','332','5458');
Insert into CUSTOMERS (ID,NAME,COUNTRY,GRADE,SALESMAN_ID) values ('452','Jillana Geibel','Finland','113','5923');
Insert into CUSTOMERS (ID,NAME,COUNTRY,GRADE,SALESMAN_ID) values ('453','Phip Blomefield','Indonesia','363','5241');
Insert into CUSTOMERS (ID,NAME,COUNTRY,GRADE,SALESMAN_ID) values ('454','Raynard Varker','China','252','5650');
Insert into CUSTOMERS (ID,NAME,COUNTRY,GRADE,SALESMAN_ID) values ('455','Hank Grzelewski','Argentina','415','5979');
Insert into CUSTOMERS (ID,NAME,COUNTRY,GRADE,SALESMAN_ID) values ('456','Garwin Paffett','Indonesia','197','5837');
Insert into CUSTOMERS (ID,NAME,COUNTRY,GRADE,SALESMAN_ID) values ('457','Dedie Bottjer','Brazil','491','5772');
Insert into CUSTOMERS (ID,NAME,COUNTRY,GRADE,SALESMAN_ID) values ('458','Ogdon Batalle','France','334','5863');
Insert into CUSTOMERS (ID,NAME,COUNTRY,GRADE,SALESMAN_ID) values ('459','Urbanus Christophle','Indonesia','237','5103');
Insert into CUSTOMERS (ID,NAME,COUNTRY,GRADE,SALESMAN_ID) values ('460','Bernice Jantel','Brazil','238','5686');
Insert into CUSTOMERS (ID,NAME,COUNTRY,GRADE,SALESMAN_ID) values ('461','Leroy Mathet','Azerbaijan','132','5069');
Insert into CUSTOMERS (ID,NAME,COUNTRY,GRADE,SALESMAN_ID) values ('462','Shandie Geraldini','Martinique','460','5204');
Insert into CUSTOMERS (ID,NAME,COUNTRY,GRADE,SALESMAN_ID) values ('463','Shirleen Karpfen','Czech Republic','464','5624');
Insert into CUSTOMERS (ID,NAME,COUNTRY,GRADE,SALESMAN_ID) values ('464','Corrie Kamien','China','367','5765');
Insert into CUSTOMERS (ID,NAME,COUNTRY,GRADE,SALESMAN_ID) values ('465','Verne Chrippes','Russia','260','5144');
Insert into CUSTOMERS (ID,NAME,COUNTRY,GRADE,SALESMAN_ID) values ('466','Vail Vossgen','Portugal','399','5071');
Insert into CUSTOMERS (ID,NAME,COUNTRY,GRADE,SALESMAN_ID) values ('467','Joellyn Moules','United States','413','5765');
Insert into CUSTOMERS (ID,NAME,COUNTRY,GRADE,SALESMAN_ID) values ('468','Shaylyn Scotchford','China','203','5780');
Insert into CUSTOMERS (ID,NAME,COUNTRY,GRADE,SALESMAN_ID) values ('469','Rheta Rennison','Indonesia','206','5541');
Insert into CUSTOMERS (ID,NAME,COUNTRY,GRADE,SALESMAN_ID) values ('470','Patty Sayers','Belarus','368','5150');
Insert into CUSTOMERS (ID,NAME,COUNTRY,GRADE,SALESMAN_ID) values ('471','Lauretta Klaaassen','Togo','212','5350');
Insert into CUSTOMERS (ID,NAME,COUNTRY,GRADE,SALESMAN_ID) values ('472','Earlie Del Dello','Czech Republic','490','5452');
Insert into CUSTOMERS (ID,NAME,COUNTRY,GRADE,SALESMAN_ID) values ('473','Bobby Rowling','Indonesia','198','5253');
Insert into CUSTOMERS (ID,NAME,COUNTRY,GRADE,SALESMAN_ID) values ('474','Giordano Hinkens','Yemen','371','5802');
Insert into CUSTOMERS (ID,NAME,COUNTRY,GRADE,SALESMAN_ID) values ('475','Kelsy Peret','Turkmenistan','380','5016');
Insert into CUSTOMERS (ID,NAME,COUNTRY,GRADE,SALESMAN_ID) values ('476','Lena Featherstonhalgh','Peru','120','5968');
Insert into CUSTOMERS (ID,NAME,COUNTRY,GRADE,SALESMAN_ID) values ('477','Annamaria Gasnell','United States','410','5972');
Insert into CUSTOMERS (ID,NAME,COUNTRY,GRADE,SALESMAN_ID) values ('478','Dulcine Beveridge','Sweden','455','5085');
Insert into CUSTOMERS (ID,NAME,COUNTRY,GRADE,SALESMAN_ID) values ('479','Deborah Ealam','Kazakhstan','440','5434');
Insert into CUSTOMERS (ID,NAME,COUNTRY,GRADE,SALESMAN_ID) values ('480','Thain Calverd','Ukraine','193','5438');
Insert into CUSTOMERS (ID,NAME,COUNTRY,GRADE,SALESMAN_ID) values ('481','Andra Haggerston','Russia','191','5643');
Insert into CUSTOMERS (ID,NAME,COUNTRY,GRADE,SALESMAN_ID) values ('482','Archibaldo Nani','Uganda','283','5475');
Insert into CUSTOMERS (ID,NAME,COUNTRY,GRADE,SALESMAN_ID) values ('483','Cynthy Braiden','Myanmar','107','5050');
Insert into CUSTOMERS (ID,NAME,COUNTRY,GRADE,SALESMAN_ID) values ('484','Jamie Prothero','Sweden','226','5993');
Insert into CUSTOMERS (ID,NAME,COUNTRY,GRADE,SALESMAN_ID) values ('485','Amery Severwright','Japan','171','5478');
Insert into CUSTOMERS (ID,NAME,COUNTRY,GRADE,SALESMAN_ID) values ('486','Lynelle Moralas','Thailand','153','5414');
Insert into CUSTOMERS (ID,NAME,COUNTRY,GRADE,SALESMAN_ID) values ('487','Germayne Klimowski','Greece','489','5192');
Insert into CUSTOMERS (ID,NAME,COUNTRY,GRADE,SALESMAN_ID) values ('488','Stefanie Ibbitson','Poland','338','5889');
Insert into CUSTOMERS (ID,NAME,COUNTRY,GRADE,SALESMAN_ID) values ('489','Nikita Kurt','Indonesia','434','5588');
Insert into CUSTOMERS (ID,NAME,COUNTRY,GRADE,SALESMAN_ID) values ('490','Cesya Everley','China','244','5730');
Insert into CUSTOMERS (ID,NAME,COUNTRY,GRADE,SALESMAN_ID) values ('491','Miquela Munden','Russia','352','5928');
Insert into CUSTOMERS (ID,NAME,COUNTRY,GRADE,SALESMAN_ID) values ('492','Fulton Druitt','Colombia','308','5064');
Insert into CUSTOMERS (ID,NAME,COUNTRY,GRADE,SALESMAN_ID) values ('493','Karyn Probet','Finland','274','5822');
Insert into CUSTOMERS (ID,NAME,COUNTRY,GRADE,SALESMAN_ID) values ('494','Wayland Sirette','Japan','258','5522');
Insert into CUSTOMERS (ID,NAME,COUNTRY,GRADE,SALESMAN_ID) values ('495','Monika Osinin','Nigeria','231','5256');
Insert into CUSTOMERS (ID,NAME,COUNTRY,GRADE,SALESMAN_ID) values ('496','Orelle Cantos','Norway','296','5275');
Insert into CUSTOMERS (ID,NAME,COUNTRY,GRADE,SALESMAN_ID) values ('497','Elvera Wayper','Indonesia','197','5396');
Insert into CUSTOMERS (ID,NAME,COUNTRY,GRADE,SALESMAN_ID) values ('498','Elnore Willard','United States','347','5742');
Insert into CUSTOMERS (ID,NAME,COUNTRY,GRADE,SALESMAN_ID) values ('499','Ewen Stegell','Hungary','423','5169');
Insert into CUSTOMERS (ID,NAME,COUNTRY,GRADE,SALESMAN_ID) values ('500','Elianora O''Bruen','Philippines','372','5437');
Insert into CUSTOMERS (ID,NAME,COUNTRY,GRADE,SALESMAN_ID) values ('501','Lincoln Radage','China','135','5084');
Insert into CUSTOMERS (ID,NAME,COUNTRY,GRADE,SALESMAN_ID) values ('502','Ilse Heisman','Brazil','263','5495');
Insert into CUSTOMERS (ID,NAME,COUNTRY,GRADE,SALESMAN_ID) values ('503','Nat Greenrod','Indonesia','449','5961');
Insert into CUSTOMERS (ID,NAME,COUNTRY,GRADE,SALESMAN_ID) values ('504','Godfry Sprionghall','Indonesia','451','5881');
Insert into CUSTOMERS (ID,NAME,COUNTRY,GRADE,SALESMAN_ID) values ('505','Bevvy Parks','France','370','5622');
Insert into CUSTOMERS (ID,NAME,COUNTRY,GRADE,SALESMAN_ID) values ('506','Demetre Vanetti','Sweden','252','5235');
Insert into CUSTOMERS (ID,NAME,COUNTRY,GRADE,SALESMAN_ID) values ('507','Terry Lafoy','China','157','5546');
Insert into CUSTOMERS (ID,NAME,COUNTRY,GRADE,SALESMAN_ID) values ('508','Hunter Kellar','China','265','5618');
Insert into CUSTOMERS (ID,NAME,COUNTRY,GRADE,SALESMAN_ID) values ('509','Eadie Stanger','Jamaica','202','5471');
Insert into CUSTOMERS (ID,NAME,COUNTRY,GRADE,SALESMAN_ID) values ('510','Austin Roycroft','Thailand','403','5872');
Insert into CUSTOMERS (ID,NAME,COUNTRY,GRADE,SALESMAN_ID) values ('511','Federica Scalera','China','228','5844');
Insert into CUSTOMERS (ID,NAME,COUNTRY,GRADE,SALESMAN_ID) values ('512','Darwin Bessent','China','188','5522');
Insert into CUSTOMERS (ID,NAME,COUNTRY,GRADE,SALESMAN_ID) values ('513','Ganny Duckett','Russia','175','5832');
Insert into CUSTOMERS (ID,NAME,COUNTRY,GRADE,SALESMAN_ID) values ('514','Dasha Matkin','Armenia','395','5703');
Insert into CUSTOMERS (ID,NAME,COUNTRY,GRADE,SALESMAN_ID) values ('515','Marcile Senechault','Russia','306','5924');
Insert into CUSTOMERS (ID,NAME,COUNTRY,GRADE,SALESMAN_ID) values ('516','Mattheus Tulip','Indonesia','274','5344');
Insert into CUSTOMERS (ID,NAME,COUNTRY,GRADE,SALESMAN_ID) values ('517','Enrichetta Ratazzi','Peru','429','5637');
Insert into CUSTOMERS (ID,NAME,COUNTRY,GRADE,SALESMAN_ID) values ('518','Neron Node','Philippines','483','5801');
Insert into CUSTOMERS (ID,NAME,COUNTRY,GRADE,SALESMAN_ID) values ('519','Sande Eastmond','China','500','5745');
Insert into CUSTOMERS (ID,NAME,COUNTRY,GRADE,SALESMAN_ID) values ('520','Mike Stille','Turkmenistan','424','5644');
Insert into CUSTOMERS (ID,NAME,COUNTRY,GRADE,SALESMAN_ID) values ('521','Garnette Ferri','China','331','5764');
Insert into CUSTOMERS (ID,NAME,COUNTRY,GRADE,SALESMAN_ID) values ('522','Conway Ditchett','Poland','167','5067');
Insert into CUSTOMERS (ID,NAME,COUNTRY,GRADE,SALESMAN_ID) values ('523','Tiler Pilley','Colombia','388','5648');
Insert into CUSTOMERS (ID,NAME,COUNTRY,GRADE,SALESMAN_ID) values ('524','Cart Moule','Ukraine','300','5839');
Insert into CUSTOMERS (ID,NAME,COUNTRY,GRADE,SALESMAN_ID) values ('525','Olva Levermore','Russia','140','5604');
Insert into CUSTOMERS (ID,NAME,COUNTRY,GRADE,SALESMAN_ID) values ('526','Wini Mattheus','France','162','5171');
Insert into CUSTOMERS (ID,NAME,COUNTRY,GRADE,SALESMAN_ID) values ('527','Fifi Paskerful','Philippines','200','5260');
Insert into CUSTOMERS (ID,NAME,COUNTRY,GRADE,SALESMAN_ID) values ('528','Brigg Sikora','Ukraine','330','5147');
Insert into CUSTOMERS (ID,NAME,COUNTRY,GRADE,SALESMAN_ID) values ('529','Annemarie Pashbee','Indonesia','397','5946');
Insert into CUSTOMERS (ID,NAME,COUNTRY,GRADE,SALESMAN_ID) values ('530','Kort Trotman','Moldova','476','5031');
Insert into CUSTOMERS (ID,NAME,COUNTRY,GRADE,SALESMAN_ID) values ('531','Kris Skaife d''Ingerthorpe','Brazil','172','5522');
Insert into CUSTOMERS (ID,NAME,COUNTRY,GRADE,SALESMAN_ID) values ('532','Andy O''Duilleain','China','336','5758');
Insert into CUSTOMERS (ID,NAME,COUNTRY,GRADE,SALESMAN_ID) values ('533','Worth Akrigg','Indonesia','171','5930');
Insert into CUSTOMERS (ID,NAME,COUNTRY,GRADE,SALESMAN_ID) values ('534','Alena Wisedale','Nigeria','289','5979');
Insert into CUSTOMERS (ID,NAME,COUNTRY,GRADE,SALESMAN_ID) values ('535','Morganne Glendza','Russia','149','5283');
Insert into CUSTOMERS (ID,NAME,COUNTRY,GRADE,SALESMAN_ID) values ('536','Morly Hurdiss','China','388','5097');
Insert into CUSTOMERS (ID,NAME,COUNTRY,GRADE,SALESMAN_ID) values ('537','Catharina Pritchitt','Kenya','408','5863');
Insert into CUSTOMERS (ID,NAME,COUNTRY,GRADE,SALESMAN_ID) values ('538','Cherise Watton','Japan','199','5437');
Insert into CUSTOMERS (ID,NAME,COUNTRY,GRADE,SALESMAN_ID) values ('539','Carlie Park','Russia','253','5483');
Insert into CUSTOMERS (ID,NAME,COUNTRY,GRADE,SALESMAN_ID) values ('540','Mersey Golledge','Yemen','128','5618');
Insert into CUSTOMERS (ID,NAME,COUNTRY,GRADE,SALESMAN_ID) values ('541','Levy Verdon','United States','169','5771');
Insert into CUSTOMERS (ID,NAME,COUNTRY,GRADE,SALESMAN_ID) values ('542','Yurik Harness','China','435','5090');
Insert into CUSTOMERS (ID,NAME,COUNTRY,GRADE,SALESMAN_ID) values ('543','Candra Tappington','Uzbekistan','107','5784');
Insert into CUSTOMERS (ID,NAME,COUNTRY,GRADE,SALESMAN_ID) values ('544','Vernor Leeves','Chile','329','5030');
Insert into CUSTOMERS (ID,NAME,COUNTRY,GRADE,SALESMAN_ID) values ('545','Philippine Tredinnick','Spain','288','5069');
Insert into CUSTOMERS (ID,NAME,COUNTRY,GRADE,SALESMAN_ID) values ('546','Wye Chinnery','Indonesia','468','5167');
Insert into CUSTOMERS (ID,NAME,COUNTRY,GRADE,SALESMAN_ID) values ('547','Ginger Ellett','Portugal','437','5745');
Insert into CUSTOMERS (ID,NAME,COUNTRY,GRADE,SALESMAN_ID) values ('548','Chere Repp','Lithuania','249','5693');
Insert into CUSTOMERS (ID,NAME,COUNTRY,GRADE,SALESMAN_ID) values ('549','Klarika Barok','Sweden','199','5714');
Insert into CUSTOMERS (ID,NAME,COUNTRY,GRADE,SALESMAN_ID) values ('550','Creight Dormon','China','205','5766');
Insert into CUSTOMERS (ID,NAME,COUNTRY,GRADE,SALESMAN_ID) values ('551','Arvie Ughelli','Pakistan','390','5285');
Insert into CUSTOMERS (ID,NAME,COUNTRY,GRADE,SALESMAN_ID) values ('552','Boony Sanchis','Poland','306','5335');
Insert into CUSTOMERS (ID,NAME,COUNTRY,GRADE,SALESMAN_ID) values ('553','Bryant Askaw','Belarus','390','5527');
Insert into CUSTOMERS (ID,NAME,COUNTRY,GRADE,SALESMAN_ID) values ('554','Izabel Dugdale','China','319','5448');
Insert into CUSTOMERS (ID,NAME,COUNTRY,GRADE,SALESMAN_ID) values ('555','Lanita Egdale','Finland','232','5628');
Insert into CUSTOMERS (ID,NAME,COUNTRY,GRADE,SALESMAN_ID) values ('556','Christa Pitchers','Indonesia','195','5429');
Insert into CUSTOMERS (ID,NAME,COUNTRY,GRADE,SALESMAN_ID) values ('557','Tadeas Wilbore','China','194','5688');
Insert into CUSTOMERS (ID,NAME,COUNTRY,GRADE,SALESMAN_ID) values ('558','Adelice MacGauhy','Albania','323','5528');
Insert into CUSTOMERS (ID,NAME,COUNTRY,GRADE,SALESMAN_ID) values ('559','Janela Munnion','Ukraine','356','5667');
Insert into CUSTOMERS (ID,NAME,COUNTRY,GRADE,SALESMAN_ID) values ('560','Vladimir Morl','Latvia','425','5245');
Insert into CUSTOMERS (ID,NAME,COUNTRY,GRADE,SALESMAN_ID) values ('561','Raina Melendez','Norway','180','5762');
Insert into CUSTOMERS (ID,NAME,COUNTRY,GRADE,SALESMAN_ID) values ('562','Tani Nouch','Nigeria','264','5923');
Insert into CUSTOMERS (ID,NAME,COUNTRY,GRADE,SALESMAN_ID) values ('563','Isak Chalder','Russia','333','5421');
Insert into CUSTOMERS (ID,NAME,COUNTRY,GRADE,SALESMAN_ID) values ('564','Greta Held','Russia','250','5194');
Insert into CUSTOMERS (ID,NAME,COUNTRY,GRADE,SALESMAN_ID) values ('565','Rainer Decreuze','Indonesia','259','5392');
Insert into CUSTOMERS (ID,NAME,COUNTRY,GRADE,SALESMAN_ID) values ('566','Shaw Sollom','Guam','364','5766');
Insert into CUSTOMERS (ID,NAME,COUNTRY,GRADE,SALESMAN_ID) values ('567','Allyson Larrat','Bulgaria','150','5407');
Insert into CUSTOMERS (ID,NAME,COUNTRY,GRADE,SALESMAN_ID) values ('568','Ruthe Linford','Nigeria','367','5011');
Insert into CUSTOMERS (ID,NAME,COUNTRY,GRADE,SALESMAN_ID) values ('569','Conny Renn','China','377','5766');
Insert into CUSTOMERS (ID,NAME,COUNTRY,GRADE,SALESMAN_ID) values ('570','Rudyard Weadick','United States','121','5392');
Insert into CUSTOMERS (ID,NAME,COUNTRY,GRADE,SALESMAN_ID) values ('571','Ninnetta Empringham','Russia','176','5181');
Insert into CUSTOMERS (ID,NAME,COUNTRY,GRADE,SALESMAN_ID) values ('572','Teodora Shalliker','Malaysia','302','5687');
Insert into CUSTOMERS (ID,NAME,COUNTRY,GRADE,SALESMAN_ID) values ('573','Tonye Thon','China','391','5151');
Insert into CUSTOMERS (ID,NAME,COUNTRY,GRADE,SALESMAN_ID) values ('574','Lisetta Bealton','Portugal','323','5435');
Insert into CUSTOMERS (ID,NAME,COUNTRY,GRADE,SALESMAN_ID) values ('575','Rafferty Gorry','Venezuela','497','5297');
Insert into CUSTOMERS (ID,NAME,COUNTRY,GRADE,SALESMAN_ID) values ('576','Othilia Whithalgh','Vietnam','363','5931');
Insert into CUSTOMERS (ID,NAME,COUNTRY,GRADE,SALESMAN_ID) values ('577','Leticia Aldus','Philippines','177','5069');
Insert into CUSTOMERS (ID,NAME,COUNTRY,GRADE,SALESMAN_ID) values ('578','Jazmin Balstone','Russia','368','5848');
Insert into CUSTOMERS (ID,NAME,COUNTRY,GRADE,SALESMAN_ID) values ('579','Alvera Bach','Yemen','414','5556');
Insert into CUSTOMERS (ID,NAME,COUNTRY,GRADE,SALESMAN_ID) values ('580','Joceline Grimwad','Japan','269','5488');
Insert into CUSTOMERS (ID,NAME,COUNTRY,GRADE,SALESMAN_ID) values ('581','Ingram Fursland','Mongolia','133','5668');
Insert into CUSTOMERS (ID,NAME,COUNTRY,GRADE,SALESMAN_ID) values ('582','Archibaldo Osboldstone','China','108','5166');
Insert into CUSTOMERS (ID,NAME,COUNTRY,GRADE,SALESMAN_ID) values ('583','Mellicent Kinane','Sweden','387','5044');
Insert into CUSTOMERS (ID,NAME,COUNTRY,GRADE,SALESMAN_ID) values ('584','Colin Mitchinson','Peru','100','5901');
Insert into CUSTOMERS (ID,NAME,COUNTRY,GRADE,SALESMAN_ID) values ('585','Nicky Lints','Colombia','163','5210');
Insert into CUSTOMERS (ID,NAME,COUNTRY,GRADE,SALESMAN_ID) values ('586','Vevay Penhale','Germany','115','5431');
Insert into CUSTOMERS (ID,NAME,COUNTRY,GRADE,SALESMAN_ID) values ('587','Clifford Corneille','Indonesia','194','5527');
Insert into CUSTOMERS (ID,NAME,COUNTRY,GRADE,SALESMAN_ID) values ('588','Mickie Downey','Argentina','338','5732');
Insert into CUSTOMERS (ID,NAME,COUNTRY,GRADE,SALESMAN_ID) values ('589','Louisa Meddings','China','216','5359');
Insert into CUSTOMERS (ID,NAME,COUNTRY,GRADE,SALESMAN_ID) values ('590','Elisabetta Hafner','China','307','5420');
Insert into CUSTOMERS (ID,NAME,COUNTRY,GRADE,SALESMAN_ID) values ('591','Meredeth Aloshikin','China','222','5654');
Insert into CUSTOMERS (ID,NAME,COUNTRY,GRADE,SALESMAN_ID) values ('592','Page Burtwell','Philippines','475','5447');
Insert into CUSTOMERS (ID,NAME,COUNTRY,GRADE,SALESMAN_ID) values ('593','Birgitta Elener','Greece','137','5527');
Insert into CUSTOMERS (ID,NAME,COUNTRY,GRADE,SALESMAN_ID) values ('594','Berkly Critchley','China','151','5960');
Insert into CUSTOMERS (ID,NAME,COUNTRY,GRADE,SALESMAN_ID) values ('595','Siffre Gaylor','China','142','5213');
Insert into CUSTOMERS (ID,NAME,COUNTRY,GRADE,SALESMAN_ID) values ('596','Berne Palumbo','Philippines','245','5907');
Insert into CUSTOMERS (ID,NAME,COUNTRY,GRADE,SALESMAN_ID) values ('597','Kerrill Brooker','Georgia','243','5619');
Insert into CUSTOMERS (ID,NAME,COUNTRY,GRADE,SALESMAN_ID) values ('598','Charlean Malkinson','Indonesia','381','5789');
Insert into CUSTOMERS (ID,NAME,COUNTRY,GRADE,SALESMAN_ID) values ('599','Doralia Cornelissen','Peru','374','5275');
Insert into CUSTOMERS (ID,NAME,COUNTRY,GRADE,SALESMAN_ID) values ('600','Jenilee Priel','Nigeria','355','5447');
Insert into CUSTOMERS (ID,NAME,COUNTRY,GRADE,SALESMAN_ID) values ('601','Jakie Veschambes','China','439','5548');
Insert into CUSTOMERS (ID,NAME,COUNTRY,GRADE,SALESMAN_ID) values ('602','Benedict Vaskin','Russia','232','5623');
Insert into CUSTOMERS (ID,NAME,COUNTRY,GRADE,SALESMAN_ID) values ('603','Luce Lenihan','Tanzania','288','5517');
Insert into CUSTOMERS (ID,NAME,COUNTRY,GRADE,SALESMAN_ID) values ('604','Minetta Lindell','France','387','5101');
Insert into CUSTOMERS (ID,NAME,COUNTRY,GRADE,SALESMAN_ID) values ('605','Drusi Keemar','Yemen','266','5464');
Insert into CUSTOMERS (ID,NAME,COUNTRY,GRADE,SALESMAN_ID) values ('606','Almire Bande','Colombia','305','5825');
Insert into CUSTOMERS (ID,NAME,COUNTRY,GRADE,SALESMAN_ID) values ('607','Carolynn Togher','China','192','5243');
Insert into CUSTOMERS (ID,NAME,COUNTRY,GRADE,SALESMAN_ID) values ('608','Breanne Garvin','Argentina','490','5918');
Insert into CUSTOMERS (ID,NAME,COUNTRY,GRADE,SALESMAN_ID) values ('609','Clim Pierucci','Chile','376','5431');
Insert into CUSTOMERS (ID,NAME,COUNTRY,GRADE,SALESMAN_ID) values ('610','Issi Mewhirter','Finland','346','5748');
Insert into CUSTOMERS (ID,NAME,COUNTRY,GRADE,SALESMAN_ID) values ('611','Phillida Degue','China','196','5055');
Insert into CUSTOMERS (ID,NAME,COUNTRY,GRADE,SALESMAN_ID) values ('612','Nixie Pervew','Indonesia','348','5121');
Insert into CUSTOMERS (ID,NAME,COUNTRY,GRADE,SALESMAN_ID) values ('613','Ibbie Rawlings','Russia','485','5960');
Insert into CUSTOMERS (ID,NAME,COUNTRY,GRADE,SALESMAN_ID) values ('614','Chrissy Collingham','Russia','182','5264');
Insert into CUSTOMERS (ID,NAME,COUNTRY,GRADE,SALESMAN_ID) values ('615','Garrot Ziemsen','Argentina','338','5489');
Insert into CUSTOMERS (ID,NAME,COUNTRY,GRADE,SALESMAN_ID) values ('616','Tiertza Jakubovski','Japan','303','5552');
Insert into CUSTOMERS (ID,NAME,COUNTRY,GRADE,SALESMAN_ID) values ('617','Micheil McCrackan','United States','446','5689');
Insert into CUSTOMERS (ID,NAME,COUNTRY,GRADE,SALESMAN_ID) values ('618','Kurt Giacobazzi','China','394','5296');
Insert into CUSTOMERS (ID,NAME,COUNTRY,GRADE,SALESMAN_ID) values ('619','Frank Durtnal','China','172','5984');
Insert into CUSTOMERS (ID,NAME,COUNTRY,GRADE,SALESMAN_ID) values ('620','Murielle Krolak','Sweden','141','5422');
Insert into CUSTOMERS (ID,NAME,COUNTRY,GRADE,SALESMAN_ID) values ('621','Angie O''Crotty','Canada','479','5744');
Insert into CUSTOMERS (ID,NAME,COUNTRY,GRADE,SALESMAN_ID) values ('622','Gratia McEvon','United States','394','5834');
Insert into CUSTOMERS (ID,NAME,COUNTRY,GRADE,SALESMAN_ID) values ('623','Gwendolen Haskayne','Japan','331','5833');
Insert into CUSTOMERS (ID,NAME,COUNTRY,GRADE,SALESMAN_ID) values ('624','Nickola Sherwood','Philippines','437','5067');
Insert into CUSTOMERS (ID,NAME,COUNTRY,GRADE,SALESMAN_ID) values ('625','Karisa Jagger','Russia','394','5136');
Insert into CUSTOMERS (ID,NAME,COUNTRY,GRADE,SALESMAN_ID) values ('626','Tonia Sandilands','China','337','5252');
Insert into CUSTOMERS (ID,NAME,COUNTRY,GRADE,SALESMAN_ID) values ('627','Latrina Wykes','China','414','5446');
Insert into CUSTOMERS (ID,NAME,COUNTRY,GRADE,SALESMAN_ID) values ('628','Consolata Frawley','Venezuela','466','5217');
Insert into CUSTOMERS (ID,NAME,COUNTRY,GRADE,SALESMAN_ID) values ('629','Dennet Manlow','Greece','479','5254');
Insert into CUSTOMERS (ID,NAME,COUNTRY,GRADE,SALESMAN_ID) values ('630','Devondra Tollett','Indonesia','434','5854');
Insert into CUSTOMERS (ID,NAME,COUNTRY,GRADE,SALESMAN_ID) values ('631','Orin Peegrem','China','413','5878');
Insert into CUSTOMERS (ID,NAME,COUNTRY,GRADE,SALESMAN_ID) values ('632','Saba Greer','Myanmar','380','5502');
Insert into CUSTOMERS (ID,NAME,COUNTRY,GRADE,SALESMAN_ID) values ('633','Gypsy Lemanu','Guatemala','490','5023');
Insert into CUSTOMERS (ID,NAME,COUNTRY,GRADE,SALESMAN_ID) values ('634','Veronique Leupoldt','Greece','179','5336');
Insert into CUSTOMERS (ID,NAME,COUNTRY,GRADE,SALESMAN_ID) values ('635','Tyson Maclean','Benin','374','5426');
Insert into CUSTOMERS (ID,NAME,COUNTRY,GRADE,SALESMAN_ID) values ('636','Meggy Besantie','Ecuador','442','5326');
Insert into CUSTOMERS (ID,NAME,COUNTRY,GRADE,SALESMAN_ID) values ('637','Othello Evelyn','France','225','5675');
Insert into CUSTOMERS (ID,NAME,COUNTRY,GRADE,SALESMAN_ID) values ('638','Terrel Joscelyn','China','173','5681');
Insert into CUSTOMERS (ID,NAME,COUNTRY,GRADE,SALESMAN_ID) values ('639','Ber Fragino','Moldova','248','5726');
Insert into CUSTOMERS (ID,NAME,COUNTRY,GRADE,SALESMAN_ID) values ('640','Urbano Cast','China','475','5323');
Insert into CUSTOMERS (ID,NAME,COUNTRY,GRADE,SALESMAN_ID) values ('641','Jewell Orro','Macedonia','492','5902');
Insert into CUSTOMERS (ID,NAME,COUNTRY,GRADE,SALESMAN_ID) values ('642','Adolph Farryn','Philippines','451','5443');
Insert into CUSTOMERS (ID,NAME,COUNTRY,GRADE,SALESMAN_ID) values ('643','Husain Secker','Poland','282','5477');
Insert into CUSTOMERS (ID,NAME,COUNTRY,GRADE,SALESMAN_ID) values ('644','Egan Dowey','Antigua and Barbuda','437','5285');
Insert into CUSTOMERS (ID,NAME,COUNTRY,GRADE,SALESMAN_ID) values ('645','Lucho Leward','Philippines','450','5973');
Insert into CUSTOMERS (ID,NAME,COUNTRY,GRADE,SALESMAN_ID) values ('646','Tish Greiswood','Thailand','117','5426');
Insert into CUSTOMERS (ID,NAME,COUNTRY,GRADE,SALESMAN_ID) values ('647','Adolphus Idle','Venezuela','142','5088');
Insert into CUSTOMERS (ID,NAME,COUNTRY,GRADE,SALESMAN_ID) values ('648','Ellswerth McMurrugh','Indonesia','212','5294');
Insert into CUSTOMERS (ID,NAME,COUNTRY,GRADE,SALESMAN_ID) values ('649','Wendell Errichiello','Russia','330','5196');
Insert into CUSTOMERS (ID,NAME,COUNTRY,GRADE,SALESMAN_ID) values ('650','Davina Warwick','Indonesia','380','5199');
Insert into CUSTOMERS (ID,NAME,COUNTRY,GRADE,SALESMAN_ID) values ('651','Blair Shankland','Russia','306','5163');
Insert into CUSTOMERS (ID,NAME,COUNTRY,GRADE,SALESMAN_ID) values ('652','Mickey Ferran','Uzbekistan','361','5509');
Insert into CUSTOMERS (ID,NAME,COUNTRY,GRADE,SALESMAN_ID) values ('653','Brooke Seabridge','France','231','5493');
Insert into CUSTOMERS (ID,NAME,COUNTRY,GRADE,SALESMAN_ID) values ('654','Cooper Clemas','Philippines','374','5085');
Insert into CUSTOMERS (ID,NAME,COUNTRY,GRADE,SALESMAN_ID) values ('655','Sonnie Geggie','Indonesia','237','5474');
Insert into CUSTOMERS (ID,NAME,COUNTRY,GRADE,SALESMAN_ID) values ('656','Ahmed Marsland','Pakistan','309','5073');
Insert into CUSTOMERS (ID,NAME,COUNTRY,GRADE,SALESMAN_ID) values ('657','Alvinia Cocksedge','China','364','5745');
Insert into CUSTOMERS (ID,NAME,COUNTRY,GRADE,SALESMAN_ID) values ('658','Shellysheldon Digg','Venezuela','251','5828');
Insert into CUSTOMERS (ID,NAME,COUNTRY,GRADE,SALESMAN_ID) values ('659','Knox Bleby','China','111','5376');
Insert into CUSTOMERS (ID,NAME,COUNTRY,GRADE,SALESMAN_ID) values ('660','Ronda Gerdts','Philippines','479','5553');
Insert into CUSTOMERS (ID,NAME,COUNTRY,GRADE,SALESMAN_ID) values ('661','Marleah Boorne','Madagascar','235','5074');
Insert into CUSTOMERS (ID,NAME,COUNTRY,GRADE,SALESMAN_ID) values ('662','Frederik Austing','China','157','5432');
Insert into CUSTOMERS (ID,NAME,COUNTRY,GRADE,SALESMAN_ID) values ('663','Jedidiah Malletratt','Ethiopia','150','5286');
Insert into CUSTOMERS (ID,NAME,COUNTRY,GRADE,SALESMAN_ID) values ('664','Breanne Latta','Croatia','329','5106');
Insert into CUSTOMERS (ID,NAME,COUNTRY,GRADE,SALESMAN_ID) values ('665','Blondell Pawlick','Indonesia','418','5030');
Insert into CUSTOMERS (ID,NAME,COUNTRY,GRADE,SALESMAN_ID) values ('666','Jamal Butler','Nigeria','366','5776');
Insert into CUSTOMERS (ID,NAME,COUNTRY,GRADE,SALESMAN_ID) values ('667','Dianne Grute','Philippines','387','5180');
Insert into CUSTOMERS (ID,NAME,COUNTRY,GRADE,SALESMAN_ID) values ('668','Chantal Rekes','China','100','5104');
Insert into CUSTOMERS (ID,NAME,COUNTRY,GRADE,SALESMAN_ID) values ('669','Rhys Dilke','China','452','5766');
Insert into CUSTOMERS (ID,NAME,COUNTRY,GRADE,SALESMAN_ID) values ('670','Fawne Pottell','China','361','5977');
Insert into CUSTOMERS (ID,NAME,COUNTRY,GRADE,SALESMAN_ID) values ('671','Marice Dodell','Indonesia','381','5168');
Insert into CUSTOMERS (ID,NAME,COUNTRY,GRADE,SALESMAN_ID) values ('672','Devin Doughty','Indonesia','431','5327');
Insert into CUSTOMERS (ID,NAME,COUNTRY,GRADE,SALESMAN_ID) values ('673','Aron Tatersale','Czech Republic','469','5303');
Insert into CUSTOMERS (ID,NAME,COUNTRY,GRADE,SALESMAN_ID) values ('674','Fred Breslau','New Zealand','159','5988');
Insert into CUSTOMERS (ID,NAME,COUNTRY,GRADE,SALESMAN_ID) values ('675','Silvan Russel','Indonesia','410','5327');
Insert into CUSTOMERS (ID,NAME,COUNTRY,GRADE,SALESMAN_ID) values ('676','Mandie Stollman','Peru','228','5166');
Insert into CUSTOMERS (ID,NAME,COUNTRY,GRADE,SALESMAN_ID) values ('677','Marja Morford','Thailand','464','5482');
Insert into CUSTOMERS (ID,NAME,COUNTRY,GRADE,SALESMAN_ID) values ('678','Jemima Paquet','Poland','492','5341');
Insert into CUSTOMERS (ID,NAME,COUNTRY,GRADE,SALESMAN_ID) values ('679','Selene Baldam','China','479','5126');
Insert into CUSTOMERS (ID,NAME,COUNTRY,GRADE,SALESMAN_ID) values ('680','Dillie Bowlands','China','147','5588');
Insert into CUSTOMERS (ID,NAME,COUNTRY,GRADE,SALESMAN_ID) values ('681','Ronnie La Rosa','Indonesia','467','5650');
Insert into CUSTOMERS (ID,NAME,COUNTRY,GRADE,SALESMAN_ID) values ('682','Greer Winchurch','Indonesia','303','5259');
Insert into CUSTOMERS (ID,NAME,COUNTRY,GRADE,SALESMAN_ID) values ('683','Innis Physick','Philippines','402','5343');
Insert into CUSTOMERS (ID,NAME,COUNTRY,GRADE,SALESMAN_ID) values ('684','Kelby Yanez','China','234','5657');
Insert into CUSTOMERS (ID,NAME,COUNTRY,GRADE,SALESMAN_ID) values ('685','Hatti Josilevich','Poland','196','5050');
Insert into CUSTOMERS (ID,NAME,COUNTRY,GRADE,SALESMAN_ID) values ('686','Bucky Cormack','Venezuela','203','5498');
Insert into CUSTOMERS (ID,NAME,COUNTRY,GRADE,SALESMAN_ID) values ('687','Brena Gaitley','China','288','5439');
Insert into CUSTOMERS (ID,NAME,COUNTRY,GRADE,SALESMAN_ID) values ('688','Phillip Hugnet','Philippines','383','5162');
Insert into CUSTOMERS (ID,NAME,COUNTRY,GRADE,SALESMAN_ID) values ('689','Baudoin Urrey','France','164','5029');
Insert into CUSTOMERS (ID,NAME,COUNTRY,GRADE,SALESMAN_ID) values ('690','Bernette Warrener','Iraq','331','5750');
Insert into CUSTOMERS (ID,NAME,COUNTRY,GRADE,SALESMAN_ID) values ('691','Renaud Cummins','Portugal','280','5181');
Insert into CUSTOMERS (ID,NAME,COUNTRY,GRADE,SALESMAN_ID) values ('692','Cristina Desouza','Indonesia','128','5299');
Insert into CUSTOMERS (ID,NAME,COUNTRY,GRADE,SALESMAN_ID) values ('693','Emmanuel Martino','Indonesia','319','5930');
Insert into CUSTOMERS (ID,NAME,COUNTRY,GRADE,SALESMAN_ID) values ('694','Ellsworth Hindmoor','Canada','110','5147');
Insert into CUSTOMERS (ID,NAME,COUNTRY,GRADE,SALESMAN_ID) values ('695','Matias Lockhead','China','488','5266');
Insert into CUSTOMERS (ID,NAME,COUNTRY,GRADE,SALESMAN_ID) values ('696','Darn Moses','Brazil','219','5704');
Insert into CUSTOMERS (ID,NAME,COUNTRY,GRADE,SALESMAN_ID) values ('697','Heida Probyn','United States','200','5354');
Insert into CUSTOMERS (ID,NAME,COUNTRY,GRADE,SALESMAN_ID) values ('698','Sherman Velti','Vietnam','408','5781');
Insert into CUSTOMERS (ID,NAME,COUNTRY,GRADE,SALESMAN_ID) values ('699','Delmor Le Marchant','Argentina','367','5502');
Insert into CUSTOMERS (ID,NAME,COUNTRY,GRADE,SALESMAN_ID) values ('700','Aundrea Rattenberie','North Korea','277','5071');
Insert into CUSTOMERS (ID,NAME,COUNTRY,GRADE,SALESMAN_ID) values ('701','Allyn Wardley','Philippines','148','5422');
Insert into CUSTOMERS (ID,NAME,COUNTRY,GRADE,SALESMAN_ID) values ('702','Lacy Escott','China','392','5534');
Insert into CUSTOMERS (ID,NAME,COUNTRY,GRADE,SALESMAN_ID) values ('703','Diane-marie Scotchford','Poland','418','5670');
Insert into CUSTOMERS (ID,NAME,COUNTRY,GRADE,SALESMAN_ID) values ('704','Dionne Steers','Syria','192','5600');
Insert into CUSTOMERS (ID,NAME,COUNTRY,GRADE,SALESMAN_ID) values ('705','Tessie Nunn','Philippines','149','5995');
Insert into CUSTOMERS (ID,NAME,COUNTRY,GRADE,SALESMAN_ID) values ('706','Bink Wherrett','Indonesia','391','5860');
Insert into CUSTOMERS (ID,NAME,COUNTRY,GRADE,SALESMAN_ID) values ('707','Odessa Van den Velde','Ukraine','105','5644');
Insert into CUSTOMERS (ID,NAME,COUNTRY,GRADE,SALESMAN_ID) values ('708','Arnuad Sheran','Poland','149','5285');
Insert into CUSTOMERS (ID,NAME,COUNTRY,GRADE,SALESMAN_ID) values ('709','Johnna Rosenthal','China','325','5537');
Insert into CUSTOMERS (ID,NAME,COUNTRY,GRADE,SALESMAN_ID) values ('710','Gregoor Rummery','Eritrea','210','5338');
Insert into CUSTOMERS (ID,NAME,COUNTRY,GRADE,SALESMAN_ID) values ('711','Woodman Tompion','China','346','5136');
Insert into CUSTOMERS (ID,NAME,COUNTRY,GRADE,SALESMAN_ID) values ('712','Ami Courtenay','Mongolia','188','5711');
Insert into CUSTOMERS (ID,NAME,COUNTRY,GRADE,SALESMAN_ID) values ('713','Eyde O''Halloran','Japan','249','5937');
Insert into CUSTOMERS (ID,NAME,COUNTRY,GRADE,SALESMAN_ID) values ('714','Sutton Holehouse','Indonesia','484','5281');
Insert into CUSTOMERS (ID,NAME,COUNTRY,GRADE,SALESMAN_ID) values ('715','Seumas Clarage','Philippines','105','5385');
Insert into CUSTOMERS (ID,NAME,COUNTRY,GRADE,SALESMAN_ID) values ('716','Cristen Swayton','Greece','228','5540');
Insert into CUSTOMERS (ID,NAME,COUNTRY,GRADE,SALESMAN_ID) values ('717','Dickie Reith','Indonesia','427','5761');
Insert into CUSTOMERS (ID,NAME,COUNTRY,GRADE,SALESMAN_ID) values ('718','Kelcey Kefford','Kazakhstan','265','5468');
Insert into CUSTOMERS (ID,NAME,COUNTRY,GRADE,SALESMAN_ID) values ('719','Matthus Gulvin','United States','154','5065');
Insert into CUSTOMERS (ID,NAME,COUNTRY,GRADE,SALESMAN_ID) values ('720','Brand Kendred','China','239','5758');
Insert into CUSTOMERS (ID,NAME,COUNTRY,GRADE,SALESMAN_ID) values ('721','Jeffie Camber','Venezuela','439','5501');
Insert into CUSTOMERS (ID,NAME,COUNTRY,GRADE,SALESMAN_ID) values ('722','Rosaleen Domokos','China','487','5105');
Insert into CUSTOMERS (ID,NAME,COUNTRY,GRADE,SALESMAN_ID) values ('723','Nobie Richten','Lesotho','415','5151');
Insert into CUSTOMERS (ID,NAME,COUNTRY,GRADE,SALESMAN_ID) values ('724','Cele Pymm','Sweden','325','5817');
Insert into CUSTOMERS (ID,NAME,COUNTRY,GRADE,SALESMAN_ID) values ('725','Rey Sherrin','China','467','5381');
Insert into CUSTOMERS (ID,NAME,COUNTRY,GRADE,SALESMAN_ID) values ('726','Venita Robic','Czech Republic','311','5332');
Insert into CUSTOMERS (ID,NAME,COUNTRY,GRADE,SALESMAN_ID) values ('727','Engracia Kitter','Brazil','245','5821');
Insert into CUSTOMERS (ID,NAME,COUNTRY,GRADE,SALESMAN_ID) values ('728','Misty Marson','Morocco','245','5847');
Insert into CUSTOMERS (ID,NAME,COUNTRY,GRADE,SALESMAN_ID) values ('729','Dwain Sherr','Mongolia','200','5210');
Insert into CUSTOMERS (ID,NAME,COUNTRY,GRADE,SALESMAN_ID) values ('730','Arin Garmon','Guatemala','493','5881');
Insert into CUSTOMERS (ID,NAME,COUNTRY,GRADE,SALESMAN_ID) values ('731','Erroll Bortolomei','China','246','5499');
Insert into CUSTOMERS (ID,NAME,COUNTRY,GRADE,SALESMAN_ID) values ('732','Rochette Evenett','Cuba','175','5939');
Insert into CUSTOMERS (ID,NAME,COUNTRY,GRADE,SALESMAN_ID) values ('733','Constantine Lynock','China','497','5276');
Insert into CUSTOMERS (ID,NAME,COUNTRY,GRADE,SALESMAN_ID) values ('734','Jean Shercliff','United Kingdom','186','5068');
Insert into CUSTOMERS (ID,NAME,COUNTRY,GRADE,SALESMAN_ID) values ('735','Merridie Daniau','Czech Republic','250','5718');
Insert into CUSTOMERS (ID,NAME,COUNTRY,GRADE,SALESMAN_ID) values ('736','Cheslie Sandels','China','322','5229');
Insert into CUSTOMERS (ID,NAME,COUNTRY,GRADE,SALESMAN_ID) values ('737','Onofredo Tesdale','China','211','5281');
Insert into CUSTOMERS (ID,NAME,COUNTRY,GRADE,SALESMAN_ID) values ('738','Reggis Simeoni','Panama','432','5557');
Insert into CUSTOMERS (ID,NAME,COUNTRY,GRADE,SALESMAN_ID) values ('739','Thomasine MacQuarrie','China','423','5092');
Insert into CUSTOMERS (ID,NAME,COUNTRY,GRADE,SALESMAN_ID) values ('740','Ruthe Neathway','Brazil','200','5492');
Insert into CUSTOMERS (ID,NAME,COUNTRY,GRADE,SALESMAN_ID) values ('741','Lyndell Mauger','Slovenia','290','5473');
Insert into CUSTOMERS (ID,NAME,COUNTRY,GRADE,SALESMAN_ID) values ('742','Isaac Lindenman','Greece','115','5616');
Insert into CUSTOMERS (ID,NAME,COUNTRY,GRADE,SALESMAN_ID) values ('743','Alysa Hansill','China','301','5011');
Insert into CUSTOMERS (ID,NAME,COUNTRY,GRADE,SALESMAN_ID) values ('744','Hube Reast','China','426','5412');
Insert into CUSTOMERS (ID,NAME,COUNTRY,GRADE,SALESMAN_ID) values ('745','Moshe Giacobelli','United Arab Emirates','291','5196');
Insert into CUSTOMERS (ID,NAME,COUNTRY,GRADE,SALESMAN_ID) values ('746','Rene Goodlud','China','384','5220');
Insert into CUSTOMERS (ID,NAME,COUNTRY,GRADE,SALESMAN_ID) values ('747','Agatha Benardet','Mongolia','280','5786');
Insert into CUSTOMERS (ID,NAME,COUNTRY,GRADE,SALESMAN_ID) values ('748','Roze Broxup','Finland','353','5819');
Insert into CUSTOMERS (ID,NAME,COUNTRY,GRADE,SALESMAN_ID) values ('749','Sal Muscat','Serbia','179','5975');
Insert into CUSTOMERS (ID,NAME,COUNTRY,GRADE,SALESMAN_ID) values ('750','Lexie Barlow','France','461','5293');
Insert into CUSTOMERS (ID,NAME,COUNTRY,GRADE,SALESMAN_ID) values ('751','Quintilla Shoebridge','China','125','5023');
Insert into CUSTOMERS (ID,NAME,COUNTRY,GRADE,SALESMAN_ID) values ('752','Judi Crut','Mauritius','409','5032');
Insert into CUSTOMERS (ID,NAME,COUNTRY,GRADE,SALESMAN_ID) values ('753','Tricia Parram','Croatia','292','5986');
Insert into CUSTOMERS (ID,NAME,COUNTRY,GRADE,SALESMAN_ID) values ('754','Sherman Grime','Indonesia','500','5017');
Insert into CUSTOMERS (ID,NAME,COUNTRY,GRADE,SALESMAN_ID) values ('755','Verne Drei','Portugal','381','5899');
Insert into CUSTOMERS (ID,NAME,COUNTRY,GRADE,SALESMAN_ID) values ('756','Belinda Sallings','Peru','289','5748');
Insert into CUSTOMERS (ID,NAME,COUNTRY,GRADE,SALESMAN_ID) values ('757','Bryon Stafford','Kyrgyzstan','366','5168');
Insert into CUSTOMERS (ID,NAME,COUNTRY,GRADE,SALESMAN_ID) values ('758','Hillard Hyder','Thailand','281','5738');
Insert into CUSTOMERS (ID,NAME,COUNTRY,GRADE,SALESMAN_ID) values ('759','Donelle Hakeworth','United States','449','5163');
Insert into CUSTOMERS (ID,NAME,COUNTRY,GRADE,SALESMAN_ID) values ('760','Elvira Fellgatt','Finland','442','5692');
Insert into CUSTOMERS (ID,NAME,COUNTRY,GRADE,SALESMAN_ID) values ('761','Geno Daly','China','344','5408');
Insert into CUSTOMERS (ID,NAME,COUNTRY,GRADE,SALESMAN_ID) values ('762','Auberta Martensen','Indonesia','237','5648');
Insert into CUSTOMERS (ID,NAME,COUNTRY,GRADE,SALESMAN_ID) values ('763','Gerti Zincke','Indonesia','287','5043');
Insert into CUSTOMERS (ID,NAME,COUNTRY,GRADE,SALESMAN_ID) values ('764','Alvan Paxton','Indonesia','177','5665');
Insert into CUSTOMERS (ID,NAME,COUNTRY,GRADE,SALESMAN_ID) values ('765','Barn Garrioch','Serbia','264','5439');
Insert into CUSTOMERS (ID,NAME,COUNTRY,GRADE,SALESMAN_ID) values ('766','Wash Ilewicz','Portugal','162','5888');
Insert into CUSTOMERS (ID,NAME,COUNTRY,GRADE,SALESMAN_ID) values ('767','Bentlee Trood','Indonesia','256','5422');
Insert into CUSTOMERS (ID,NAME,COUNTRY,GRADE,SALESMAN_ID) values ('768','Calli Aveling','Poland','221','5672');
Insert into CUSTOMERS (ID,NAME,COUNTRY,GRADE,SALESMAN_ID) values ('769','Temp Ottawell','Sudan','436','5627');
Insert into CUSTOMERS (ID,NAME,COUNTRY,GRADE,SALESMAN_ID) values ('770','Malina Asipenko','Poland','487','5876');
Insert into CUSTOMERS (ID,NAME,COUNTRY,GRADE,SALESMAN_ID) values ('771','Cyrus Hughson','Indonesia','413','5251');
Insert into CUSTOMERS (ID,NAME,COUNTRY,GRADE,SALESMAN_ID) values ('772','Lyndy Burgan','Iran','166','5065');
Insert into CUSTOMERS (ID,NAME,COUNTRY,GRADE,SALESMAN_ID) values ('773','Dena Shallo','Canada','500','5177');
Insert into CUSTOMERS (ID,NAME,COUNTRY,GRADE,SALESMAN_ID) values ('774','Aylmar Leborgne','Portugal','364','5612');
Insert into CUSTOMERS (ID,NAME,COUNTRY,GRADE,SALESMAN_ID) values ('775','Elliott Dunstall','Russia','285','5993');
Insert into CUSTOMERS (ID,NAME,COUNTRY,GRADE,SALESMAN_ID) values ('776','Claudian Pickersgill','Philippines','128','5592');
Insert into CUSTOMERS (ID,NAME,COUNTRY,GRADE,SALESMAN_ID) values ('777','Robinetta Myner','Indonesia','240','5932');
Insert into CUSTOMERS (ID,NAME,COUNTRY,GRADE,SALESMAN_ID) values ('778','Rhiamon Cozins','Ukraine','282','5270');
Insert into CUSTOMERS (ID,NAME,COUNTRY,GRADE,SALESMAN_ID) values ('779','Kelcey Cawte','Brazil','161','5431');
Insert into CUSTOMERS (ID,NAME,COUNTRY,GRADE,SALESMAN_ID) values ('780','Carol Harrowing','Argentina','472','5310');
Insert into CUSTOMERS (ID,NAME,COUNTRY,GRADE,SALESMAN_ID) values ('781','Heddi Crookshank','China','352','5615');
Insert into CUSTOMERS (ID,NAME,COUNTRY,GRADE,SALESMAN_ID) values ('782','Kimmi Budgeon','Greece','190','5430');
Insert into CUSTOMERS (ID,NAME,COUNTRY,GRADE,SALESMAN_ID) values ('783','Brittany Peabody','Poland','437','5414');
Insert into CUSTOMERS (ID,NAME,COUNTRY,GRADE,SALESMAN_ID) values ('784','Adda Potbury','Tunisia','241','5158');
Insert into CUSTOMERS (ID,NAME,COUNTRY,GRADE,SALESMAN_ID) values ('785','Hurlee Finlay','South Africa','182','5442');
Insert into CUSTOMERS (ID,NAME,COUNTRY,GRADE,SALESMAN_ID) values ('786','Terencio Jachimiak','Portugal','419','5442');
Insert into CUSTOMERS (ID,NAME,COUNTRY,GRADE,SALESMAN_ID) values ('787','Donn Pavel','Jamaica','266','5798');
Insert into CUSTOMERS (ID,NAME,COUNTRY,GRADE,SALESMAN_ID) values ('788','Gunar Pirie','Italy','313','5919');
Insert into CUSTOMERS (ID,NAME,COUNTRY,GRADE,SALESMAN_ID) values ('789','Wendall Cristoferi','Brazil','407','5819');
Insert into CUSTOMERS (ID,NAME,COUNTRY,GRADE,SALESMAN_ID) values ('790','Dalila Penney','Poland','421','5137');
Insert into CUSTOMERS (ID,NAME,COUNTRY,GRADE,SALESMAN_ID) values ('791','Estrella Chetwind','Indonesia','112','5515');
Insert into CUSTOMERS (ID,NAME,COUNTRY,GRADE,SALESMAN_ID) values ('792','Vassili Livesley','Venezuela','424','5941');
Insert into CUSTOMERS (ID,NAME,COUNTRY,GRADE,SALESMAN_ID) values ('793','Ira Byford','Czech Republic','236','5856');
Insert into CUSTOMERS (ID,NAME,COUNTRY,GRADE,SALESMAN_ID) values ('794','Rosabel Masi','Russia','272','5165');
Insert into CUSTOMERS (ID,NAME,COUNTRY,GRADE,SALESMAN_ID) values ('795','Georgy Loton','United Kingdom','437','5720');
Insert into CUSTOMERS (ID,NAME,COUNTRY,GRADE,SALESMAN_ID) values ('796','Dorothy Kneal','Russia','470','5519');
Insert into CUSTOMERS (ID,NAME,COUNTRY,GRADE,SALESMAN_ID) values ('797','Bar Rowcastle','China','425','5413');
Insert into CUSTOMERS (ID,NAME,COUNTRY,GRADE,SALESMAN_ID) values ('798','Dawna Jenckes','Indonesia','368','5876');
Insert into CUSTOMERS (ID,NAME,COUNTRY,GRADE,SALESMAN_ID) values ('799','Skyler Jarrel','China','370','5641');
Insert into CUSTOMERS (ID,NAME,COUNTRY,GRADE,SALESMAN_ID) values ('800','Darlleen Grolle','Paraguay','107','5862');
Insert into CUSTOMERS (ID,NAME,COUNTRY,GRADE,SALESMAN_ID) values ('801','Aube Gossage','Uzbekistan','344','5696');
Insert into CUSTOMERS (ID,NAME,COUNTRY,GRADE,SALESMAN_ID) values ('802','Eba Faye','Macedonia','241','5863');
Insert into CUSTOMERS (ID,NAME,COUNTRY,GRADE,SALESMAN_ID) values ('803','Erminia Lanigan','Brazil','224','5952');
Insert into CUSTOMERS (ID,NAME,COUNTRY,GRADE,SALESMAN_ID) values ('804','Lucky Sango','Czech Republic','323','5781');
Insert into CUSTOMERS (ID,NAME,COUNTRY,GRADE,SALESMAN_ID) values ('805','Danita Goble','Venezuela','132','5089');
Insert into CUSTOMERS (ID,NAME,COUNTRY,GRADE,SALESMAN_ID) values ('806','Tyrus Breissan','United States','148','5597');
Insert into CUSTOMERS (ID,NAME,COUNTRY,GRADE,SALESMAN_ID) values ('807','Viviene Swale','Kosovo','236','5136');
Insert into CUSTOMERS (ID,NAME,COUNTRY,GRADE,SALESMAN_ID) values ('808','Cassie Twiddell','Philippines','379','5199');
Insert into CUSTOMERS (ID,NAME,COUNTRY,GRADE,SALESMAN_ID) values ('809','Mead Aleevy','Vietnam','268','5197');
Insert into CUSTOMERS (ID,NAME,COUNTRY,GRADE,SALESMAN_ID) values ('810','Chrisy Yeatman','Thailand','436','5567');
Insert into CUSTOMERS (ID,NAME,COUNTRY,GRADE,SALESMAN_ID) values ('811','Patricio Falkinder','Poland','233','5669');
Insert into CUSTOMERS (ID,NAME,COUNTRY,GRADE,SALESMAN_ID) values ('812','Chaddie Kingh','France','308','5009');
Insert into CUSTOMERS (ID,NAME,COUNTRY,GRADE,SALESMAN_ID) values ('813','Liuka Yarwood','Indonesia','355','5282');
Insert into CUSTOMERS (ID,NAME,COUNTRY,GRADE,SALESMAN_ID) values ('814','Gleda Leebetter','China','412','5639');
Insert into CUSTOMERS (ID,NAME,COUNTRY,GRADE,SALESMAN_ID) values ('815','Rochette Breen','Vietnam','319','5576');
Insert into CUSTOMERS (ID,NAME,COUNTRY,GRADE,SALESMAN_ID) values ('816','Jamison Mycroft','China','195','5008');
Insert into CUSTOMERS (ID,NAME,COUNTRY,GRADE,SALESMAN_ID) values ('817','Lek Suffield','Guatemala','306','5577');
Insert into CUSTOMERS (ID,NAME,COUNTRY,GRADE,SALESMAN_ID) values ('818','Devora Hewlings','Sierra Leone','213','5632');
Insert into CUSTOMERS (ID,NAME,COUNTRY,GRADE,SALESMAN_ID) values ('819','Merilee Flanne','Japan','268','5342');
Insert into CUSTOMERS (ID,NAME,COUNTRY,GRADE,SALESMAN_ID) values ('820','Reggis Scarlett','Ethiopia','333','5945');
Insert into CUSTOMERS (ID,NAME,COUNTRY,GRADE,SALESMAN_ID) values ('821','Leonore Doidge','Colombia','374','5343');
Insert into CUSTOMERS (ID,NAME,COUNTRY,GRADE,SALESMAN_ID) values ('822','Anatola Cowndley','Croatia','486','5373');
Insert into CUSTOMERS (ID,NAME,COUNTRY,GRADE,SALESMAN_ID) values ('823','Morlee Elcoate','China','125','5619');
Insert into CUSTOMERS (ID,NAME,COUNTRY,GRADE,SALESMAN_ID) values ('824','Irwinn McLinden','Czech Republic','349','5904');
Insert into CUSTOMERS (ID,NAME,COUNTRY,GRADE,SALESMAN_ID) values ('825','Karita Stenner','Indonesia','493','5693');
Insert into CUSTOMERS (ID,NAME,COUNTRY,GRADE,SALESMAN_ID) values ('826','Siffre Korfmann','Poland','375','5383');
Insert into CUSTOMERS (ID,NAME,COUNTRY,GRADE,SALESMAN_ID) values ('827','Jerrie Stocky','Dominican Republic','254','5434');
Insert into CUSTOMERS (ID,NAME,COUNTRY,GRADE,SALESMAN_ID) values ('828','Anthea Davids','Ukraine','274','5370');
Insert into CUSTOMERS (ID,NAME,COUNTRY,GRADE,SALESMAN_ID) values ('829','Izabel Amort','China','136','5722');
Insert into CUSTOMERS (ID,NAME,COUNTRY,GRADE,SALESMAN_ID) values ('830','Billy Khoter','Yemen','160','5083');
Insert into CUSTOMERS (ID,NAME,COUNTRY,GRADE,SALESMAN_ID) values ('831','Faber Kentish','Latvia','211','5649');
Insert into CUSTOMERS (ID,NAME,COUNTRY,GRADE,SALESMAN_ID) values ('832','Jillane Cuttell','Brazil','142','5347');
Insert into CUSTOMERS (ID,NAME,COUNTRY,GRADE,SALESMAN_ID) values ('833','Lorelei Meugens','Saudi Arabia','239','5164');
Insert into CUSTOMERS (ID,NAME,COUNTRY,GRADE,SALESMAN_ID) values ('834','Axe Staines','Indonesia','139','5797');
Insert into CUSTOMERS (ID,NAME,COUNTRY,GRADE,SALESMAN_ID) values ('835','Freeland Brockley','China','404','5771');
Insert into CUSTOMERS (ID,NAME,COUNTRY,GRADE,SALESMAN_ID) values ('836','Rachelle Sodory','Russia','163','5760');
Insert into CUSTOMERS (ID,NAME,COUNTRY,GRADE,SALESMAN_ID) values ('837','Roch McCrisken','Brazil','169','5747');
Insert into CUSTOMERS (ID,NAME,COUNTRY,GRADE,SALESMAN_ID) values ('838','Margot Dahmke','Portugal','381','5667');
Insert into CUSTOMERS (ID,NAME,COUNTRY,GRADE,SALESMAN_ID) values ('839','Torin Banbridge','Greece','218','5592');
Insert into CUSTOMERS (ID,NAME,COUNTRY,GRADE,SALESMAN_ID) values ('840','Jilli Byforth','Indonesia','137','5780');
Insert into CUSTOMERS (ID,NAME,COUNTRY,GRADE,SALESMAN_ID) values ('841','Adamo Davidzon','Sweden','235','5657');
Insert into CUSTOMERS (ID,NAME,COUNTRY,GRADE,SALESMAN_ID) values ('842','Nell Kenna','France','440','5671');
Insert into CUSTOMERS (ID,NAME,COUNTRY,GRADE,SALESMAN_ID) values ('843','Meghann Heighton','Mongolia','322','5262');
Insert into CUSTOMERS (ID,NAME,COUNTRY,GRADE,SALESMAN_ID) values ('844','Keeley Sharrem','China','242','5114');
Insert into CUSTOMERS (ID,NAME,COUNTRY,GRADE,SALESMAN_ID) values ('845','Poul Shellard','China','185','5658');
Insert into CUSTOMERS (ID,NAME,COUNTRY,GRADE,SALESMAN_ID) values ('846','Devonna Glanders','Poland','299','5321');
Insert into CUSTOMERS (ID,NAME,COUNTRY,GRADE,SALESMAN_ID) values ('847','Mycah MacGillespie','Portugal','105','5650');
Insert into CUSTOMERS (ID,NAME,COUNTRY,GRADE,SALESMAN_ID) values ('848','Willey Asprey','Russia','381','5652');
Insert into CUSTOMERS (ID,NAME,COUNTRY,GRADE,SALESMAN_ID) values ('849','Trueman Carlyon','China','107','5213');
Insert into CUSTOMERS (ID,NAME,COUNTRY,GRADE,SALESMAN_ID) values ('850','Wallace Skewes','Japan','192','5061');
Insert into CUSTOMERS (ID,NAME,COUNTRY,GRADE,SALESMAN_ID) values ('851','Marilin Knewstubb','Argentina','202','5312');
Insert into CUSTOMERS (ID,NAME,COUNTRY,GRADE,SALESMAN_ID) values ('852','Cassandra Rapkins','Finland','272','5951');
Insert into CUSTOMERS (ID,NAME,COUNTRY,GRADE,SALESMAN_ID) values ('853','Joyous Beartup','Indonesia','485','5031');
Insert into CUSTOMERS (ID,NAME,COUNTRY,GRADE,SALESMAN_ID) values ('854','Udale MacGuiness','Kyrgyzstan','148','5560');
Insert into CUSTOMERS (ID,NAME,COUNTRY,GRADE,SALESMAN_ID) values ('855','Morley Antrag','China','121','5248');
Insert into CUSTOMERS (ID,NAME,COUNTRY,GRADE,SALESMAN_ID) values ('856','Yurik Deeming','China','119','5220');
Insert into CUSTOMERS (ID,NAME,COUNTRY,GRADE,SALESMAN_ID) values ('857','Issi Cristofolini','Germany','442','5259');
Insert into CUSTOMERS (ID,NAME,COUNTRY,GRADE,SALESMAN_ID) values ('858','Stevana Keming','Afghanistan','188','5839');
Insert into CUSTOMERS (ID,NAME,COUNTRY,GRADE,SALESMAN_ID) values ('859','Celisse Chesshyre','South Korea','416','5940');
Insert into CUSTOMERS (ID,NAME,COUNTRY,GRADE,SALESMAN_ID) values ('860','Tanny Gouny','Portugal','302','5313');
Insert into CUSTOMERS (ID,NAME,COUNTRY,GRADE,SALESMAN_ID) values ('861','Ulberto Teesdale','China','301','5920');
Insert into CUSTOMERS (ID,NAME,COUNTRY,GRADE,SALESMAN_ID) values ('862','Zaria Tuddall','China','280','5764');
Insert into CUSTOMERS (ID,NAME,COUNTRY,GRADE,SALESMAN_ID) values ('863','Shandra Drakeley','Cameroon','436','5683');
Insert into CUSTOMERS (ID,NAME,COUNTRY,GRADE,SALESMAN_ID) values ('864','Aloysia Fawlo','Mexico','278','5555');
Insert into CUSTOMERS (ID,NAME,COUNTRY,GRADE,SALESMAN_ID) values ('865','Hayward Kinnett','Russia','403','5649');
Insert into CUSTOMERS (ID,NAME,COUNTRY,GRADE,SALESMAN_ID) values ('866','Edita Dawes','Poland','279','5498');
Insert into CUSTOMERS (ID,NAME,COUNTRY,GRADE,SALESMAN_ID) values ('867','Wallis Pryce','Indonesia','362','5234');
Insert into CUSTOMERS (ID,NAME,COUNTRY,GRADE,SALESMAN_ID) values ('868','Chickie Mundford','Yemen','303','5278');
Insert into CUSTOMERS (ID,NAME,COUNTRY,GRADE,SALESMAN_ID) values ('869','Filberto Spikings','Antigua and Barbuda','255','5883');
Insert into CUSTOMERS (ID,NAME,COUNTRY,GRADE,SALESMAN_ID) values ('870','Angelo Fayers','China','266','5341');
Insert into CUSTOMERS (ID,NAME,COUNTRY,GRADE,SALESMAN_ID) values ('871','Auberta Aireton','Serbia','359','5333');
Insert into CUSTOMERS (ID,NAME,COUNTRY,GRADE,SALESMAN_ID) values ('872','Katrine Castanho','China','480','5408');
Insert into CUSTOMERS (ID,NAME,COUNTRY,GRADE,SALESMAN_ID) values ('873','Wilburt Drewet','Russia','386','5138');
Insert into CUSTOMERS (ID,NAME,COUNTRY,GRADE,SALESMAN_ID) values ('874','Cort Holah','Brazil','116','5927');
Insert into CUSTOMERS (ID,NAME,COUNTRY,GRADE,SALESMAN_ID) values ('875','Lorraine Simoni','Thailand','417','5482');
Insert into CUSTOMERS (ID,NAME,COUNTRY,GRADE,SALESMAN_ID) values ('876','Emalee Carmen','Brazil','142','5718');
Insert into CUSTOMERS (ID,NAME,COUNTRY,GRADE,SALESMAN_ID) values ('877','Herbie Ozintsev','Palestinian Territory','353','5849');
Insert into CUSTOMERS (ID,NAME,COUNTRY,GRADE,SALESMAN_ID) values ('878','Elnora Sherwill','Greece','456','5642');
Insert into CUSTOMERS (ID,NAME,COUNTRY,GRADE,SALESMAN_ID) values ('879','Bonnee Womersley','Sweden','387','5206');
Insert into CUSTOMERS (ID,NAME,COUNTRY,GRADE,SALESMAN_ID) values ('880','Morly Langran','Poland','304','5341');
Insert into CUSTOMERS (ID,NAME,COUNTRY,GRADE,SALESMAN_ID) values ('881','Yolane Perutto','China','160','5833');
Insert into CUSTOMERS (ID,NAME,COUNTRY,GRADE,SALESMAN_ID) values ('882','Igor Brizell','Peru','392','5897');
Insert into CUSTOMERS (ID,NAME,COUNTRY,GRADE,SALESMAN_ID) values ('883','Robbi Keeping','Czech Republic','241','5656');
Insert into CUSTOMERS (ID,NAME,COUNTRY,GRADE,SALESMAN_ID) values ('884','Kayne Swalwell','Russia','189','5331');
Insert into CUSTOMERS (ID,NAME,COUNTRY,GRADE,SALESMAN_ID) values ('885','Petronella Cranmer','Morocco','393','5804');
Insert into CUSTOMERS (ID,NAME,COUNTRY,GRADE,SALESMAN_ID) values ('886','Morna Mattes','Portugal','197','5614');
Insert into CUSTOMERS (ID,NAME,COUNTRY,GRADE,SALESMAN_ID) values ('887','Antoni Willment','China','105','5079');
Insert into CUSTOMERS (ID,NAME,COUNTRY,GRADE,SALESMAN_ID) values ('888','Annnora De Giorgi','Ukraine','394','5304');
Insert into CUSTOMERS (ID,NAME,COUNTRY,GRADE,SALESMAN_ID) values ('889','Drusie Rathjen','Poland','188','5978');
Insert into CUSTOMERS (ID,NAME,COUNTRY,GRADE,SALESMAN_ID) values ('890','Paddie Parke','Madagascar','119','5660');
Insert into CUSTOMERS (ID,NAME,COUNTRY,GRADE,SALESMAN_ID) values ('891','Engracia Purchase','Colombia','322','5552');
Insert into CUSTOMERS (ID,NAME,COUNTRY,GRADE,SALESMAN_ID) values ('892','Logan Conring','China','353','5352');
Insert into CUSTOMERS (ID,NAME,COUNTRY,GRADE,SALESMAN_ID) values ('893','Engelbert Vinnick','Tunisia','215','5171');
Insert into CUSTOMERS (ID,NAME,COUNTRY,GRADE,SALESMAN_ID) values ('894','Gnni Boake','Vietnam','162','5467');
Insert into CUSTOMERS (ID,NAME,COUNTRY,GRADE,SALESMAN_ID) values ('895','Raina Reason','Greece','350','5066');
Insert into CUSTOMERS (ID,NAME,COUNTRY,GRADE,SALESMAN_ID) values ('896','Ianthe Amiable','Serbia','356','5774');
Insert into CUSTOMERS (ID,NAME,COUNTRY,GRADE,SALESMAN_ID) values ('897','Koralle Tincey','Serbia','108','5340');
Insert into CUSTOMERS (ID,NAME,COUNTRY,GRADE,SALESMAN_ID) values ('898','Felice Dendon','Brazil','140','5376');
Insert into CUSTOMERS (ID,NAME,COUNTRY,GRADE,SALESMAN_ID) values ('899','Pace Ciobutaro','China','299','5880');
Insert into CUSTOMERS (ID,NAME,COUNTRY,GRADE,SALESMAN_ID) values ('900','Cord Sjollema','China','455','5393');
Insert into CUSTOMERS (ID,NAME,COUNTRY,GRADE,SALESMAN_ID) values ('1','Welsh Stalf','Sweden','478','5650');
Insert into CUSTOMERS (ID,NAME,COUNTRY,GRADE,SALESMAN_ID) values ('2','Pearl Mantha','Brazil','190','5330');
Insert into CUSTOMERS (ID,NAME,COUNTRY,GRADE,SALESMAN_ID) values ('3','Marlowe Charlton','France','156','5731');
Insert into CUSTOMERS (ID,NAME,COUNTRY,GRADE,SALESMAN_ID) values ('4','Donnell Titchen','France','188','5194');
Insert into CUSTOMERS (ID,NAME,COUNTRY,GRADE,SALESMAN_ID) values ('5','Lottie Buckerfield','Trinidad and Tobago','460','5401');
Insert into CUSTOMERS (ID,NAME,COUNTRY,GRADE,SALESMAN_ID) values ('6','Blair Lamba','France','111','5017');
Insert into CUSTOMERS (ID,NAME,COUNTRY,GRADE,SALESMAN_ID) values ('7','Honoria Tarling','Russia','190','5509');
Insert into CUSTOMERS (ID,NAME,COUNTRY,GRADE,SALESMAN_ID) values ('8','Jaquith Cabane','Indonesia','220','5807');
Insert into CUSTOMERS (ID,NAME,COUNTRY,GRADE,SALESMAN_ID) values ('9','Freeland Handscomb','Russia','411','5842');
Insert into CUSTOMERS (ID,NAME,COUNTRY,GRADE,SALESMAN_ID) values ('10','Marcelo Hasnney','China','107','5560');
Insert into CUSTOMERS (ID,NAME,COUNTRY,GRADE,SALESMAN_ID) values ('11','Udale Aitken','Norway','301','5986');
Insert into CUSTOMERS (ID,NAME,COUNTRY,GRADE,SALESMAN_ID) values ('12','Kareem Chivrall','Democratic Republic of the Congo','368','5400');
Insert into CUSTOMERS (ID,NAME,COUNTRY,GRADE,SALESMAN_ID) values ('13','Davida Dyshart','China','255','5522');
Insert into CUSTOMERS (ID,NAME,COUNTRY,GRADE,SALESMAN_ID) values ('14','Dimitri Spyby','China','432','5023');
Insert into CUSTOMERS (ID,NAME,COUNTRY,GRADE,SALESMAN_ID) values ('15','Mariya Goodsall','China','289','5685');
Insert into CUSTOMERS (ID,NAME,COUNTRY,GRADE,SALESMAN_ID) values ('16','Cinderella Edgeworth','Russia','375','5069');
Insert into CUSTOMERS (ID,NAME,COUNTRY,GRADE,SALESMAN_ID) values ('17','Hiram Shewen','Philippines','331','5638');
Insert into CUSTOMERS (ID,NAME,COUNTRY,GRADE,SALESMAN_ID) values ('18','Sigismondo Duerden','Portugal','218','5501');
Insert into CUSTOMERS (ID,NAME,COUNTRY,GRADE,SALESMAN_ID) values ('19','Jonah Cosser','China','253','5892');
Insert into CUSTOMERS (ID,NAME,COUNTRY,GRADE,SALESMAN_ID) values ('20','Siouxie Ferries','Indonesia','250','5725');
Insert into CUSTOMERS (ID,NAME,COUNTRY,GRADE,SALESMAN_ID) values ('21','Alyse Drewry','Norway','186','5467');
Insert into CUSTOMERS (ID,NAME,COUNTRY,GRADE,SALESMAN_ID) values ('22','Lyman Donati','South Korea','149','5805');
Insert into CUSTOMERS (ID,NAME,COUNTRY,GRADE,SALESMAN_ID) values ('23','Gwenore Ferraro','Tajikistan','143','5997');
Insert into CUSTOMERS (ID,NAME,COUNTRY,GRADE,SALESMAN_ID) values ('24','Susy Deekes','Jordan','444','5825');
Insert into CUSTOMERS (ID,NAME,COUNTRY,GRADE,SALESMAN_ID) values ('25','Yolande Hatherley','China','210','5938');
Insert into CUSTOMERS (ID,NAME,COUNTRY,GRADE,SALESMAN_ID) values ('26','Antin Gutman','Philippines','398','5290');
Insert into CUSTOMERS (ID,NAME,COUNTRY,GRADE,SALESMAN_ID) values ('27','Olivette Moohan','China','228','5225');
Insert into CUSTOMERS (ID,NAME,COUNTRY,GRADE,SALESMAN_ID) values ('28','Emmalee Louth','China','115','5079');
Insert into CUSTOMERS (ID,NAME,COUNTRY,GRADE,SALESMAN_ID) values ('29','Diahann Mabone','Brazil','205','5380');
Insert into CUSTOMERS (ID,NAME,COUNTRY,GRADE,SALESMAN_ID) values ('30','Rene Livens','France','163','5050');
Insert into CUSTOMERS (ID,NAME,COUNTRY,GRADE,SALESMAN_ID) values ('31','Pietrek Simonsson','Egypt','274','5140');
Insert into CUSTOMERS (ID,NAME,COUNTRY,GRADE,SALESMAN_ID) values ('32','Marsha Baulch','Albania','441','5704');
Insert into CUSTOMERS (ID,NAME,COUNTRY,GRADE,SALESMAN_ID) values ('33','Maxie Nitti','Philippines','332','5021');
Insert into CUSTOMERS (ID,NAME,COUNTRY,GRADE,SALESMAN_ID) values ('34','Gladi Sydney','Brazil','413','5046');
Insert into CUSTOMERS (ID,NAME,COUNTRY,GRADE,SALESMAN_ID) values ('35','Reynolds Mepham','Indonesia','140','5475');
Insert into CUSTOMERS (ID,NAME,COUNTRY,GRADE,SALESMAN_ID) values ('36','Leigh Mertsching','Nigeria','401','5520');
Insert into CUSTOMERS (ID,NAME,COUNTRY,GRADE,SALESMAN_ID) values ('37','Etienne Darley','Hungary','358','5525');
Insert into CUSTOMERS (ID,NAME,COUNTRY,GRADE,SALESMAN_ID) values ('38','Theresina Riccardelli','Palestinian Territory','459','5803');
Insert into CUSTOMERS (ID,NAME,COUNTRY,GRADE,SALESMAN_ID) values ('39','Barbee Milberry','Brazil','230','5744');
Insert into CUSTOMERS (ID,NAME,COUNTRY,GRADE,SALESMAN_ID) values ('40','Gertrudis Heister','China','488','5945');
Insert into CUSTOMERS (ID,NAME,COUNTRY,GRADE,SALESMAN_ID) values ('41','Carlyn McGilvary','Russia','143','5184');
Insert into CUSTOMERS (ID,NAME,COUNTRY,GRADE,SALESMAN_ID) values ('42','Alphonse Mullane','Indonesia','344','5403');
Insert into CUSTOMERS (ID,NAME,COUNTRY,GRADE,SALESMAN_ID) values ('43','Sioux Lugsdin','China','102','5060');
Insert into CUSTOMERS (ID,NAME,COUNTRY,GRADE,SALESMAN_ID) values ('44','Sioux Wren','Brazil','428','5843');
Insert into CUSTOMERS (ID,NAME,COUNTRY,GRADE,SALESMAN_ID) values ('45','Lorilee Patters','Russia','170','5802');
Insert into CUSTOMERS (ID,NAME,COUNTRY,GRADE,SALESMAN_ID) values ('46','Donni Bernardez','Portugal','315','5637');
Insert into CUSTOMERS (ID,NAME,COUNTRY,GRADE,SALESMAN_ID) values ('47','Nicol Binton','China','479','5318');
Insert into CUSTOMERS (ID,NAME,COUNTRY,GRADE,SALESMAN_ID) values ('48','Margarete Karlmann','China','377','5356');
Insert into CUSTOMERS (ID,NAME,COUNTRY,GRADE,SALESMAN_ID) values ('49','Jami Pashan','Ireland','125','5755');
Insert into CUSTOMERS (ID,NAME,COUNTRY,GRADE,SALESMAN_ID) values ('50','Jules Karp','China','421','5329');
Insert into CUSTOMERS (ID,NAME,COUNTRY,GRADE,SALESMAN_ID) values ('51','Ives Harriman','Poland','342','5711');
Insert into CUSTOMERS (ID,NAME,COUNTRY,GRADE,SALESMAN_ID) values ('52','D''arcy Reglar','Ukraine','117','5967');
Insert into CUSTOMERS (ID,NAME,COUNTRY,GRADE,SALESMAN_ID) values ('53','Vale Nottle','France','361','5834');
Insert into CUSTOMERS (ID,NAME,COUNTRY,GRADE,SALESMAN_ID) values ('54','Charlean Joburn','Somalia','309','5709');
Insert into CUSTOMERS (ID,NAME,COUNTRY,GRADE,SALESMAN_ID) values ('55','Nicolle Rosenberger','Ukraine','214','5136');
Insert into CUSTOMERS (ID,NAME,COUNTRY,GRADE,SALESMAN_ID) values ('56','Lou Eisak','Philippines','190','5818');
Insert into CUSTOMERS (ID,NAME,COUNTRY,GRADE,SALESMAN_ID) values ('57','Archie McGahy','Guyana','138','5045');
Insert into CUSTOMERS (ID,NAME,COUNTRY,GRADE,SALESMAN_ID) values ('58','Gregoor Stothert','Czech Republic','298','5151');
Insert into CUSTOMERS (ID,NAME,COUNTRY,GRADE,SALESMAN_ID) values ('59','Henryetta Zuan','Indonesia','136','5206');
Insert into CUSTOMERS (ID,NAME,COUNTRY,GRADE,SALESMAN_ID) values ('60','Codie Cartman','Indonesia','493','5683');
Insert into CUSTOMERS (ID,NAME,COUNTRY,GRADE,SALESMAN_ID) values ('61','Katya Reisin','Senegal','288','5364');
Insert into CUSTOMERS (ID,NAME,COUNTRY,GRADE,SALESMAN_ID) values ('62','Valina Strafen','Nigeria','101','5198');
Insert into CUSTOMERS (ID,NAME,COUNTRY,GRADE,SALESMAN_ID) values ('63','Adrien Asel','Canada','325','5228');
Insert into CUSTOMERS (ID,NAME,COUNTRY,GRADE,SALESMAN_ID) values ('64','Odelle Waldrum','Estonia','194','5083');
Insert into CUSTOMERS (ID,NAME,COUNTRY,GRADE,SALESMAN_ID) values ('65','Kathrine Pyser','Albania','208','5587');
Insert into CUSTOMERS (ID,NAME,COUNTRY,GRADE,SALESMAN_ID) values ('66','Jdavie Clubb','South Korea','449','5260');
Insert into CUSTOMERS (ID,NAME,COUNTRY,GRADE,SALESMAN_ID) values ('67','Cal O''Shiels','Sweden','463','5888');
Insert into CUSTOMERS (ID,NAME,COUNTRY,GRADE,SALESMAN_ID) values ('68','Maribeth Farncombe','Nigeria','153','5713');
Insert into CUSTOMERS (ID,NAME,COUNTRY,GRADE,SALESMAN_ID) values ('69','Kerri Gold','Russia','472','5345');
Insert into CUSTOMERS (ID,NAME,COUNTRY,GRADE,SALESMAN_ID) values ('70','Randi Webb','Montenegro','425','5790');
Insert into CUSTOMERS (ID,NAME,COUNTRY,GRADE,SALESMAN_ID) values ('71','Ravid Mirams','Philippines','107','5874');
Insert into CUSTOMERS (ID,NAME,COUNTRY,GRADE,SALESMAN_ID) values ('72','Kip Dyte','Indonesia','257','5262');
Insert into CUSTOMERS (ID,NAME,COUNTRY,GRADE,SALESMAN_ID) values ('73','Wells Mundall','Poland','368','5570');
Insert into CUSTOMERS (ID,NAME,COUNTRY,GRADE,SALESMAN_ID) values ('74','Ebonee Swiers','Peru','331','5834');
Insert into CUSTOMERS (ID,NAME,COUNTRY,GRADE,SALESMAN_ID) values ('75','Rodie Heatlie','China','450','5435');
Insert into CUSTOMERS (ID,NAME,COUNTRY,GRADE,SALESMAN_ID) values ('76','Lydia Erington','Iran','468','5292');
Insert into CUSTOMERS (ID,NAME,COUNTRY,GRADE,SALESMAN_ID) values ('77','Siffre Tippetts','Russia','122','5778');
Insert into CUSTOMERS (ID,NAME,COUNTRY,GRADE,SALESMAN_ID) values ('78','Harwell Leinweber','Ecuador','125','5207');
Insert into CUSTOMERS (ID,NAME,COUNTRY,GRADE,SALESMAN_ID) values ('79','Dayle Pelos','Malaysia','385','5904');
Insert into CUSTOMERS (ID,NAME,COUNTRY,GRADE,SALESMAN_ID) values ('80','Kristofor Davidovics','China','259','5820');
Insert into CUSTOMERS (ID,NAME,COUNTRY,GRADE,SALESMAN_ID) values ('81','Angy Croom','China','482','5829');
Insert into CUSTOMERS (ID,NAME,COUNTRY,GRADE,SALESMAN_ID) values ('82','Elmira Fancett','China','207','5695');
Insert into CUSTOMERS (ID,NAME,COUNTRY,GRADE,SALESMAN_ID) values ('83','Lark Corona','Greece','387','5990');
Insert into CUSTOMERS (ID,NAME,COUNTRY,GRADE,SALESMAN_ID) values ('84','Dominga Dottridge','Portugal','171','5927');
Insert into CUSTOMERS (ID,NAME,COUNTRY,GRADE,SALESMAN_ID) values ('85','Deidre Tetla','United States','198','5418');
Insert into CUSTOMERS (ID,NAME,COUNTRY,GRADE,SALESMAN_ID) values ('86','Kelila Barrowcliff','United Kingdom','485','5505');
Insert into CUSTOMERS (ID,NAME,COUNTRY,GRADE,SALESMAN_ID) values ('87','Dave Heatly','Spain','157','5566');
Insert into CUSTOMERS (ID,NAME,COUNTRY,GRADE,SALESMAN_ID) values ('88','Micky Diplock','Canada','312','5175');
Insert into CUSTOMERS (ID,NAME,COUNTRY,GRADE,SALESMAN_ID) values ('89','Noellyn Guntrip','France','336','5532');
Insert into CUSTOMERS (ID,NAME,COUNTRY,GRADE,SALESMAN_ID) values ('90','Berkeley Agnew','Afghanistan','463','5160');
Insert into CUSTOMERS (ID,NAME,COUNTRY,GRADE,SALESMAN_ID) values ('91','Sylvan Rosenblath','Poland','187','5671');
Insert into CUSTOMERS (ID,NAME,COUNTRY,GRADE,SALESMAN_ID) values ('92','Bev Kneal','Indonesia','207','5689');
Insert into CUSTOMERS (ID,NAME,COUNTRY,GRADE,SALESMAN_ID) values ('93','Orville Hadigate','Indonesia','184','5134');
Insert into CUSTOMERS (ID,NAME,COUNTRY,GRADE,SALESMAN_ID) values ('94','Samaria Baus','Finland','471','5886');
Insert into CUSTOMERS (ID,NAME,COUNTRY,GRADE,SALESMAN_ID) values ('95','Jolyn Longforth','Philippines','452','5327');
Insert into CUSTOMERS (ID,NAME,COUNTRY,GRADE,SALESMAN_ID) values ('96','Maye Stanning','Peru','113','5615');
Insert into CUSTOMERS (ID,NAME,COUNTRY,GRADE,SALESMAN_ID) values ('97','Georgeanna Christon','France','498','5937');
Insert into CUSTOMERS (ID,NAME,COUNTRY,GRADE,SALESMAN_ID) values ('98','Lowe Dumelow','China','483','5547');
Insert into CUSTOMERS (ID,NAME,COUNTRY,GRADE,SALESMAN_ID) values ('99','Colette Espadero','Czech Republic','222','5890');
Insert into CUSTOMERS (ID,NAME,COUNTRY,GRADE,SALESMAN_ID) values ('100','Mariele McBayne','Indonesia','191','5031');
Insert into CUSTOMERS (ID,NAME,COUNTRY,GRADE,SALESMAN_ID) values ('101','Verena MacMorland','Belarus','299','5600');
Insert into CUSTOMERS (ID,NAME,COUNTRY,GRADE,SALESMAN_ID) values ('102','Daryl Munt','Brazil','203','5334');
Insert into CUSTOMERS (ID,NAME,COUNTRY,GRADE,SALESMAN_ID) values ('103','Barbara Beric','China','495','5400');
Insert into CUSTOMERS (ID,NAME,COUNTRY,GRADE,SALESMAN_ID) values ('104','Shea Sleight','Poland','452','5504');
Insert into CUSTOMERS (ID,NAME,COUNTRY,GRADE,SALESMAN_ID) values ('105','Johnna Rens','Germany','443','5328');
Insert into CUSTOMERS (ID,NAME,COUNTRY,GRADE,SALESMAN_ID) values ('106','Yoko Bullerwell','Brazil','227','5462');
Insert into CUSTOMERS (ID,NAME,COUNTRY,GRADE,SALESMAN_ID) values ('107','Winnie Hair','Czech Republic','256','5291');
Insert into CUSTOMERS (ID,NAME,COUNTRY,GRADE,SALESMAN_ID) values ('108','Elladine Vere','United States','402','5126');
Insert into CUSTOMERS (ID,NAME,COUNTRY,GRADE,SALESMAN_ID) values ('109','Frederich Warbrick','Vietnam','145','5299');
Insert into CUSTOMERS (ID,NAME,COUNTRY,GRADE,SALESMAN_ID) values ('110','Goldina Bickell','China','101','5142');
Insert into CUSTOMERS (ID,NAME,COUNTRY,GRADE,SALESMAN_ID) values ('111','Kenny Mumford','France','315','5946');
Insert into CUSTOMERS (ID,NAME,COUNTRY,GRADE,SALESMAN_ID) values ('112','Beverlee Burchill','Norway','393','5214');
Insert into CUSTOMERS (ID,NAME,COUNTRY,GRADE,SALESMAN_ID) values ('113','Katharina Darycott','China','102','5038');
Insert into CUSTOMERS (ID,NAME,COUNTRY,GRADE,SALESMAN_ID) values ('114','Ivett Oldale','Indonesia','404','5683');
Insert into CUSTOMERS (ID,NAME,COUNTRY,GRADE,SALESMAN_ID) values ('115','Benjie Rummin','Brazil','277','5072');
Insert into CUSTOMERS (ID,NAME,COUNTRY,GRADE,SALESMAN_ID) values ('116','Brander Dregan','Russia','469','5633');
Insert into CUSTOMERS (ID,NAME,COUNTRY,GRADE,SALESMAN_ID) values ('117','Edythe Prestige','Armenia','235','5868');
Insert into CUSTOMERS (ID,NAME,COUNTRY,GRADE,SALESMAN_ID) values ('118','Miguel Kenvin','Indonesia','361','5121');
Insert into CUSTOMERS (ID,NAME,COUNTRY,GRADE,SALESMAN_ID) values ('119','Alfred Leal','Pakistan','494','5136');
Insert into CUSTOMERS (ID,NAME,COUNTRY,GRADE,SALESMAN_ID) values ('120','Cathlene Wakelin','Nepal','342','5355');
Insert into CUSTOMERS (ID,NAME,COUNTRY,GRADE,SALESMAN_ID) values ('121','Farrah McElwee','France','378','5936');
Insert into CUSTOMERS (ID,NAME,COUNTRY,GRADE,SALESMAN_ID) values ('122','Udall Von Salzberg','China','109','5899');
Insert into CUSTOMERS (ID,NAME,COUNTRY,GRADE,SALESMAN_ID) values ('123','Yance Summerhayes','Peru','153','5843');
Insert into CUSTOMERS (ID,NAME,COUNTRY,GRADE,SALESMAN_ID) values ('124','Andre Stirrup','China','239','5849');
Insert into CUSTOMERS (ID,NAME,COUNTRY,GRADE,SALESMAN_ID) values ('125','Boniface Bryenton','Panama','419','5194');
Insert into CUSTOMERS (ID,NAME,COUNTRY,GRADE,SALESMAN_ID) values ('126','Dion Draper','Sweden','275','5340');
Insert into CUSTOMERS (ID,NAME,COUNTRY,GRADE,SALESMAN_ID) values ('127','Caprice McGuirk','China','225','5037');
Insert into CUSTOMERS (ID,NAME,COUNTRY,GRADE,SALESMAN_ID) values ('128','Cinnamon Wye','Belgium','316','5382');
Insert into CUSTOMERS (ID,NAME,COUNTRY,GRADE,SALESMAN_ID) values ('129','Karine Obal','China','396','5228');
Insert into CUSTOMERS (ID,NAME,COUNTRY,GRADE,SALESMAN_ID) values ('130','Orelie Brownhall','Brazil','293','5444');
Insert into CUSTOMERS (ID,NAME,COUNTRY,GRADE,SALESMAN_ID) values ('131','Katheryn Wroth','Poland','342','5412');
Insert into CUSTOMERS (ID,NAME,COUNTRY,GRADE,SALESMAN_ID) values ('132','Devondra Abbot','China','406','5758');
Insert into CUSTOMERS (ID,NAME,COUNTRY,GRADE,SALESMAN_ID) values ('133','Julian Denerley','China','303','5038');
Insert into CUSTOMERS (ID,NAME,COUNTRY,GRADE,SALESMAN_ID) values ('134','Zebulen Gerdes','China','177','5292');
Insert into CUSTOMERS (ID,NAME,COUNTRY,GRADE,SALESMAN_ID) values ('135','Eb Wittke','Brazil','414','5296');
Insert into CUSTOMERS (ID,NAME,COUNTRY,GRADE,SALESMAN_ID) values ('136','Aluino Poel','Indonesia','151','5272');
Insert into CUSTOMERS (ID,NAME,COUNTRY,GRADE,SALESMAN_ID) values ('137','Luella Oxbrow','Russia','190','5432');
Insert into CUSTOMERS (ID,NAME,COUNTRY,GRADE,SALESMAN_ID) values ('138','Wit Dudbridge','United Kingdom','108','5662');
Insert into CUSTOMERS (ID,NAME,COUNTRY,GRADE,SALESMAN_ID) values ('139','Maureen Handrick','Portugal','446','5323');
Insert into CUSTOMERS (ID,NAME,COUNTRY,GRADE,SALESMAN_ID) values ('140','Carney Strong','Poland','190','5234');
Insert into CUSTOMERS (ID,NAME,COUNTRY,GRADE,SALESMAN_ID) values ('141','Koo Keyme','United States','361','5309');
Insert into CUSTOMERS (ID,NAME,COUNTRY,GRADE,SALESMAN_ID) values ('142','Ursala Ert','China','162','5397');
Insert into CUSTOMERS (ID,NAME,COUNTRY,GRADE,SALESMAN_ID) values ('143','Stacey Orbell','Russia','344','5685');
Insert into CUSTOMERS (ID,NAME,COUNTRY,GRADE,SALESMAN_ID) values ('144','Roderick Brotherton','Laos','154','5677');
Insert into CUSTOMERS (ID,NAME,COUNTRY,GRADE,SALESMAN_ID) values ('145','Travus Filinkov','Russia','440','5600');
Insert into CUSTOMERS (ID,NAME,COUNTRY,GRADE,SALESMAN_ID) values ('146','Smitty Eggleston','United States','282','5798');
Insert into CUSTOMERS (ID,NAME,COUNTRY,GRADE,SALESMAN_ID) values ('147','Garrick Shatford','Poland','113','5709');
Insert into CUSTOMERS (ID,NAME,COUNTRY,GRADE,SALESMAN_ID) values ('148','Kane Dybbe','Bulgaria','269','5160');
Insert into CUSTOMERS (ID,NAME,COUNTRY,GRADE,SALESMAN_ID) values ('149','Mallory Burgh','Indonesia','223','5523');
Insert into CUSTOMERS (ID,NAME,COUNTRY,GRADE,SALESMAN_ID) values ('150','Avril Fielding','China','124','5050');
Insert into CUSTOMERS (ID,NAME,COUNTRY,GRADE,SALESMAN_ID) values ('151','Shaylah DelaField','Philippines','294','5711');
Insert into CUSTOMERS (ID,NAME,COUNTRY,GRADE,SALESMAN_ID) values ('152','Fleur McKechnie','Portugal','120','5536');
Insert into CUSTOMERS (ID,NAME,COUNTRY,GRADE,SALESMAN_ID) values ('153','Karalynn Van Baaren','Japan','455','5236');
Insert into CUSTOMERS (ID,NAME,COUNTRY,GRADE,SALESMAN_ID) values ('154','Barnabe Beel','China','409','5276');
Insert into CUSTOMERS (ID,NAME,COUNTRY,GRADE,SALESMAN_ID) values ('155','Laird Statefield','China','122','5934');
Insert into CUSTOMERS (ID,NAME,COUNTRY,GRADE,SALESMAN_ID) values ('156','Bronson Queree','Belarus','218','5449');
Insert into CUSTOMERS (ID,NAME,COUNTRY,GRADE,SALESMAN_ID) values ('157','Babette Valentim','Portugal','339','5836');
Insert into CUSTOMERS (ID,NAME,COUNTRY,GRADE,SALESMAN_ID) values ('158','Latrina Lewson','Canada','339','5414');
Insert into CUSTOMERS (ID,NAME,COUNTRY,GRADE,SALESMAN_ID) values ('159','Natka Caudrey','Colombia','102','5557');
Insert into CUSTOMERS (ID,NAME,COUNTRY,GRADE,SALESMAN_ID) values ('160','Jeri Stidston','Samoa','319','5583');
Insert into CUSTOMERS (ID,NAME,COUNTRY,GRADE,SALESMAN_ID) values ('161','Cher Gertray','Poland','211','6000');
Insert into CUSTOMERS (ID,NAME,COUNTRY,GRADE,SALESMAN_ID) values ('162','Cordie O''Sesnane','Philippines','118','5483');
Insert into CUSTOMERS (ID,NAME,COUNTRY,GRADE,SALESMAN_ID) values ('163','Percival Goody','Malaysia','439','5013');
Insert into CUSTOMERS (ID,NAME,COUNTRY,GRADE,SALESMAN_ID) values ('164','Melanie Ledgister','Philippines','353','5470');
Insert into CUSTOMERS (ID,NAME,COUNTRY,GRADE,SALESMAN_ID) values ('165','Rolfe Whitters','Brazil','250','5444');
Insert into CUSTOMERS (ID,NAME,COUNTRY,GRADE,SALESMAN_ID) values ('166','Andonis Swanne','South Africa','453','5300');
Insert into CUSTOMERS (ID,NAME,COUNTRY,GRADE,SALESMAN_ID) values ('167','Bernice Michurin','Philippines','459','5145');
Insert into CUSTOMERS (ID,NAME,COUNTRY,GRADE,SALESMAN_ID) values ('168','Gregoor Wooton','China','381','5873');
Insert into CUSTOMERS (ID,NAME,COUNTRY,GRADE,SALESMAN_ID) values ('169','Meaghan Woodcock','Argentina','116','5035');
Insert into CUSTOMERS (ID,NAME,COUNTRY,GRADE,SALESMAN_ID) values ('170','Nicholle Danielsen','Brazil','139','5585');
Insert into CUSTOMERS (ID,NAME,COUNTRY,GRADE,SALESMAN_ID) values ('171','Hillier Hellier','Japan','372','5937');
Insert into CUSTOMERS (ID,NAME,COUNTRY,GRADE,SALESMAN_ID) values ('172','Siana De Freyne','Brazil','397','5877');
Insert into CUSTOMERS (ID,NAME,COUNTRY,GRADE,SALESMAN_ID) values ('173','Rozele Tremollet','China','364','5518');
Insert into CUSTOMERS (ID,NAME,COUNTRY,GRADE,SALESMAN_ID) values ('174','Violetta Portam','Costa Rica','241','5040');
Insert into CUSTOMERS (ID,NAME,COUNTRY,GRADE,SALESMAN_ID) values ('175','Claire Dudman','China','296','5595');
Insert into CUSTOMERS (ID,NAME,COUNTRY,GRADE,SALESMAN_ID) values ('176','Cathrine Jays','Portugal','433','5586');
Insert into CUSTOMERS (ID,NAME,COUNTRY,GRADE,SALESMAN_ID) values ('177','Tasia Fulford','Russia','385','5238');
Insert into CUSTOMERS (ID,NAME,COUNTRY,GRADE,SALESMAN_ID) values ('178','Lorry Pieterick','Russia','148','5247');
Insert into CUSTOMERS (ID,NAME,COUNTRY,GRADE,SALESMAN_ID) values ('179','Kennan Downey','Sudan','439','5485');
Insert into CUSTOMERS (ID,NAME,COUNTRY,GRADE,SALESMAN_ID) values ('180','Rosemaria Olin','United States','320','5934');
Insert into CUSTOMERS (ID,NAME,COUNTRY,GRADE,SALESMAN_ID) values ('181','Sanson Walklate','Poland','133','5544');
Insert into CUSTOMERS (ID,NAME,COUNTRY,GRADE,SALESMAN_ID) values ('182','Hoebart Mozzi','Sweden','394','5418');
Insert into CUSTOMERS (ID,NAME,COUNTRY,GRADE,SALESMAN_ID) values ('183','Hyacinthe Langfat','Botswana','156','5678');
Insert into CUSTOMERS (ID,NAME,COUNTRY,GRADE,SALESMAN_ID) values ('184','Shaw De Souza','Argentina','157','5759');
Insert into CUSTOMERS (ID,NAME,COUNTRY,GRADE,SALESMAN_ID) values ('185','Benjamen Claughton','Morocco','309','5660');
Insert into CUSTOMERS (ID,NAME,COUNTRY,GRADE,SALESMAN_ID) values ('186','Salomone Maharey','France','368','5473');
Insert into CUSTOMERS (ID,NAME,COUNTRY,GRADE,SALESMAN_ID) values ('187','Ines Brizell','Philippines','471','5809');
Insert into CUSTOMERS (ID,NAME,COUNTRY,GRADE,SALESMAN_ID) values ('188','Ingelbert Iuorio','Portugal','338','5810');
Insert into CUSTOMERS (ID,NAME,COUNTRY,GRADE,SALESMAN_ID) values ('189','Collin Castellet','France','467','5730');
Insert into CUSTOMERS (ID,NAME,COUNTRY,GRADE,SALESMAN_ID) values ('190','Avie Kenneford','Philippines','284','5385');
Insert into CUSTOMERS (ID,NAME,COUNTRY,GRADE,SALESMAN_ID) values ('191','Corby Breche','Indonesia','481','5149');
Insert into CUSTOMERS (ID,NAME,COUNTRY,GRADE,SALESMAN_ID) values ('192','Carr Larcier','Sweden','223','5812');
Insert into CUSTOMERS (ID,NAME,COUNTRY,GRADE,SALESMAN_ID) values ('193','Shelli Lighton','Brazil','216','5020');
Insert into CUSTOMERS (ID,NAME,COUNTRY,GRADE,SALESMAN_ID) values ('194','Alva Blomefield','Indonesia','356','5549');
Insert into CUSTOMERS (ID,NAME,COUNTRY,GRADE,SALESMAN_ID) values ('195','Annnora Dolling','Norway','247','5094');
Insert into CUSTOMERS (ID,NAME,COUNTRY,GRADE,SALESMAN_ID) values ('196','Bellanca Knapper','Brazil','183','5902');
Insert into CUSTOMERS (ID,NAME,COUNTRY,GRADE,SALESMAN_ID) values ('197','Jordanna Lehrer','Philippines','231','5088');
Insert into CUSTOMERS (ID,NAME,COUNTRY,GRADE,SALESMAN_ID) values ('198','Link Prettyjohn','China','314','5350');
Insert into CUSTOMERS (ID,NAME,COUNTRY,GRADE,SALESMAN_ID) values ('199','Candida Roberds','Nepal','239','5780');
Insert into CUSTOMERS (ID,NAME,COUNTRY,GRADE,SALESMAN_ID) values ('200','Efrem Delgardo','Madagascar','201','5773');
Insert into CUSTOMERS (ID,NAME,COUNTRY,GRADE,SALESMAN_ID) values ('201','Ivie Kivelhan','Nigeria','380','5639');
Insert into CUSTOMERS (ID,NAME,COUNTRY,GRADE,SALESMAN_ID) values ('202','Hillel di Rocca','Indonesia','329','5743');
Insert into CUSTOMERS (ID,NAME,COUNTRY,GRADE,SALESMAN_ID) values ('203','Maia Denison','Vietnam','340','5609');
Insert into CUSTOMERS (ID,NAME,COUNTRY,GRADE,SALESMAN_ID) values ('204','Kane Kirvell','Russia','231','5230');
Insert into CUSTOMERS (ID,NAME,COUNTRY,GRADE,SALESMAN_ID) values ('205','Merle Goodread','Japan','137','5147');
Insert into CUSTOMERS (ID,NAME,COUNTRY,GRADE,SALESMAN_ID) values ('206','Denice Reddecliffe','Sweden','407','5913');
Insert into CUSTOMERS (ID,NAME,COUNTRY,GRADE,SALESMAN_ID) values ('207','Olly Plank','Brazil','439','5587');
Insert into CUSTOMERS (ID,NAME,COUNTRY,GRADE,SALESMAN_ID) values ('208','Arie Jewer','Russia','475','5601');
Insert into CUSTOMERS (ID,NAME,COUNTRY,GRADE,SALESMAN_ID) values ('209','Sallee Beautyman','Bolivia','444','5155');
Insert into CUSTOMERS (ID,NAME,COUNTRY,GRADE,SALESMAN_ID) values ('210','Domeniga Robatham','Russia','474','5968');
Insert into CUSTOMERS (ID,NAME,COUNTRY,GRADE,SALESMAN_ID) values ('211','Gunther Bearward','Sweden','215','5434');
Insert into CUSTOMERS (ID,NAME,COUNTRY,GRADE,SALESMAN_ID) values ('212','Ritchie Vallow','Colombia','104','5048');
Insert into CUSTOMERS (ID,NAME,COUNTRY,GRADE,SALESMAN_ID) values ('213','Catlee Meaking','Peru','166','5309');
Insert into CUSTOMERS (ID,NAME,COUNTRY,GRADE,SALESMAN_ID) values ('214','Duane Duferie','Armenia','136','5201');
Insert into CUSTOMERS (ID,NAME,COUNTRY,GRADE,SALESMAN_ID) values ('215','Flem Palister','Panama','354','5807');
Insert into CUSTOMERS (ID,NAME,COUNTRY,GRADE,SALESMAN_ID) values ('216','Cornelia Siddle','Russia','133','5952');
Insert into CUSTOMERS (ID,NAME,COUNTRY,GRADE,SALESMAN_ID) values ('217','Lula Blowne','China','210','5158');
Insert into CUSTOMERS (ID,NAME,COUNTRY,GRADE,SALESMAN_ID) values ('218','Gordy Quene','Angola','294','5953');
Insert into CUSTOMERS (ID,NAME,COUNTRY,GRADE,SALESMAN_ID) values ('219','Ignacio Gercke','Kosovo','357','5818');
Insert into CUSTOMERS (ID,NAME,COUNTRY,GRADE,SALESMAN_ID) values ('220','Ardyth Markos','China','450','5291');
Insert into CUSTOMERS (ID,NAME,COUNTRY,GRADE,SALESMAN_ID) values ('221','Anna-diane Akerman','France','251','5905');
Insert into CUSTOMERS (ID,NAME,COUNTRY,GRADE,SALESMAN_ID) values ('222','Uriah Musker','Iran','472','5847');
Insert into CUSTOMERS (ID,NAME,COUNTRY,GRADE,SALESMAN_ID) values ('223','Giulietta Downgate','Myanmar','108','5697');
Insert into CUSTOMERS (ID,NAME,COUNTRY,GRADE,SALESMAN_ID) values ('224','Blakeley Grooby','Thailand','429','5911');
Insert into CUSTOMERS (ID,NAME,COUNTRY,GRADE,SALESMAN_ID) values ('225','Edie Rubenov','Mexico','328','5912');
Insert into CUSTOMERS (ID,NAME,COUNTRY,GRADE,SALESMAN_ID) values ('226','Corliss Mackley','Slovenia','429','5393');
Insert into CUSTOMERS (ID,NAME,COUNTRY,GRADE,SALESMAN_ID) values ('227','Donica Hallewell','Argentina','224','5434');
Insert into CUSTOMERS (ID,NAME,COUNTRY,GRADE,SALESMAN_ID) values ('228','Tilda Jouhandeau','Ukraine','236','5814');
Insert into CUSTOMERS (ID,NAME,COUNTRY,GRADE,SALESMAN_ID) values ('229','Art Husselbee','China','197','5560');
Insert into CUSTOMERS (ID,NAME,COUNTRY,GRADE,SALESMAN_ID) values ('230','Inger Steanyng','China','360','5851');
Insert into CUSTOMERS (ID,NAME,COUNTRY,GRADE,SALESMAN_ID) values ('231','Reinhard Dahl','Cuba','123','5259');
Insert into CUSTOMERS (ID,NAME,COUNTRY,GRADE,SALESMAN_ID) values ('232','Dan Yakovlev','Indonesia','225','5139');
Insert into CUSTOMERS (ID,NAME,COUNTRY,GRADE,SALESMAN_ID) values ('233','Xylina Dolling','Egypt','359','5058');
Insert into CUSTOMERS (ID,NAME,COUNTRY,GRADE,SALESMAN_ID) values ('234','Rey Boldry','Bulgaria','417','5401');
Insert into CUSTOMERS (ID,NAME,COUNTRY,GRADE,SALESMAN_ID) values ('235','Dorian McCaughran','Brazil','159','5795');
Insert into CUSTOMERS (ID,NAME,COUNTRY,GRADE,SALESMAN_ID) values ('236','Valentino Rubenov','Brazil','237','5749');
Insert into CUSTOMERS (ID,NAME,COUNTRY,GRADE,SALESMAN_ID) values ('237','Delila Huntly','Bosnia and Herzegovina','412','5698');
Insert into CUSTOMERS (ID,NAME,COUNTRY,GRADE,SALESMAN_ID) values ('238','Emogene Lamke','Thailand','247','5297');
Insert into CUSTOMERS (ID,NAME,COUNTRY,GRADE,SALESMAN_ID) values ('239','Stormy Bendin','Venezuela','410','5474');
Insert into CUSTOMERS (ID,NAME,COUNTRY,GRADE,SALESMAN_ID) values ('240','Filmore Kervin','China','136','5485');
Insert into CUSTOMERS (ID,NAME,COUNTRY,GRADE,SALESMAN_ID) values ('241','Paolo Matasov','China','397','5970');
Insert into CUSTOMERS (ID,NAME,COUNTRY,GRADE,SALESMAN_ID) values ('242','Darsie Antonomoli','Russia','482','5232');
Insert into CUSTOMERS (ID,NAME,COUNTRY,GRADE,SALESMAN_ID) values ('243','Desmond Geard','China','161','5986');
Insert into CUSTOMERS (ID,NAME,COUNTRY,GRADE,SALESMAN_ID) values ('244','Meyer Sambedge','Pakistan','136','5266');
Insert into CUSTOMERS (ID,NAME,COUNTRY,GRADE,SALESMAN_ID) values ('245','Christal Philipps','Ukraine','187','5128');
Insert into CUSTOMERS (ID,NAME,COUNTRY,GRADE,SALESMAN_ID) values ('246','Lorianna Waker','Indonesia','293','5468');
Insert into CUSTOMERS (ID,NAME,COUNTRY,GRADE,SALESMAN_ID) values ('247','Parnell Danbury','China','218','5148');
Insert into CUSTOMERS (ID,NAME,COUNTRY,GRADE,SALESMAN_ID) values ('248','Ginnie McBeth','China','282','5481');
Insert into CUSTOMERS (ID,NAME,COUNTRY,GRADE,SALESMAN_ID) values ('249','Sophi Wagner','China','433','5812');
Insert into CUSTOMERS (ID,NAME,COUNTRY,GRADE,SALESMAN_ID) values ('250','Belva Profit','Philippines','352','5100');
Insert into CUSTOMERS (ID,NAME,COUNTRY,GRADE,SALESMAN_ID) values ('251','Damian Mattusevich','Cameroon','447','5123');
Insert into CUSTOMERS (ID,NAME,COUNTRY,GRADE,SALESMAN_ID) values ('252','Hastie Studd','Ghana','493','5894');
Insert into CUSTOMERS (ID,NAME,COUNTRY,GRADE,SALESMAN_ID) values ('253','Fee Strettle','Macedonia','280','5419');
Insert into CUSTOMERS (ID,NAME,COUNTRY,GRADE,SALESMAN_ID) values ('254','Katy Maudlin','Afghanistan','438','5862');
Insert into CUSTOMERS (ID,NAME,COUNTRY,GRADE,SALESMAN_ID) values ('255','Cristobal Burdekin','Argentina','219','5346');
Insert into CUSTOMERS (ID,NAME,COUNTRY,GRADE,SALESMAN_ID) values ('256','Joice Gounel','Mauritius','367','5374');
Insert into CUSTOMERS (ID,NAME,COUNTRY,GRADE,SALESMAN_ID) values ('257','Tailor Blethyn','Honduras','181','5794');
Insert into CUSTOMERS (ID,NAME,COUNTRY,GRADE,SALESMAN_ID) values ('258','Beckie Pynn','Indonesia','122','5092');
Insert into CUSTOMERS (ID,NAME,COUNTRY,GRADE,SALESMAN_ID) values ('259','Elisha Fransinelli','China','140','5908');
Insert into CUSTOMERS (ID,NAME,COUNTRY,GRADE,SALESMAN_ID) values ('260','Kirby Gilson','Thailand','388','5614');
Insert into CUSTOMERS (ID,NAME,COUNTRY,GRADE,SALESMAN_ID) values ('261','Archibaldo Mettericke','Ethiopia','159','5386');
Insert into CUSTOMERS (ID,NAME,COUNTRY,GRADE,SALESMAN_ID) values ('262','Ari Luciano','Guatemala','326','5069');
Insert into CUSTOMERS (ID,NAME,COUNTRY,GRADE,SALESMAN_ID) values ('263','Dawna Trowsdall','Brazil','456','5821');
Insert into CUSTOMERS (ID,NAME,COUNTRY,GRADE,SALESMAN_ID) values ('264','Leif Guinness','Pakistan','151','5268');
Insert into CUSTOMERS (ID,NAME,COUNTRY,GRADE,SALESMAN_ID) values ('265','Haskell Haensel','Syria','156','5004');
Insert into CUSTOMERS (ID,NAME,COUNTRY,GRADE,SALESMAN_ID) values ('266','Kathlin Aymeric','China','206','5761');
Insert into CUSTOMERS (ID,NAME,COUNTRY,GRADE,SALESMAN_ID) values ('267','Henriette Shaw','Sweden','289','5015');
Insert into CUSTOMERS (ID,NAME,COUNTRY,GRADE,SALESMAN_ID) values ('268','Zachariah Grane','Haiti','155','5376');
Insert into CUSTOMERS (ID,NAME,COUNTRY,GRADE,SALESMAN_ID) values ('269','Iggie Pargeter','Russia','316','5290');
Insert into CUSTOMERS (ID,NAME,COUNTRY,GRADE,SALESMAN_ID) values ('270','Lianna Bosquet','Indonesia','404','5497');
Insert into CUSTOMERS (ID,NAME,COUNTRY,GRADE,SALESMAN_ID) values ('271','Kelci Wynch','Sweden','172','5386');
Insert into CUSTOMERS (ID,NAME,COUNTRY,GRADE,SALESMAN_ID) values ('272','Estella Ros','Liberia','400','5790');
Insert into CUSTOMERS (ID,NAME,COUNTRY,GRADE,SALESMAN_ID) values ('273','Anny Gambell','China','108','5474');
Insert into CUSTOMERS (ID,NAME,COUNTRY,GRADE,SALESMAN_ID) values ('274','Judye Gurge','Iran','203','5888');
Insert into CUSTOMERS (ID,NAME,COUNTRY,GRADE,SALESMAN_ID) values ('275','Wilbur Wiggin','Indonesia','123','5313');
Insert into CUSTOMERS (ID,NAME,COUNTRY,GRADE,SALESMAN_ID) values ('276','Fidelity McWhinnie','Sweden','200','5466');
Insert into CUSTOMERS (ID,NAME,COUNTRY,GRADE,SALESMAN_ID) values ('277','Katharyn Hannabuss','Nigeria','154','5500');
Insert into CUSTOMERS (ID,NAME,COUNTRY,GRADE,SALESMAN_ID) values ('278','Thorstein Loxton','Nigeria','168','5363');
Insert into CUSTOMERS (ID,NAME,COUNTRY,GRADE,SALESMAN_ID) values ('279','Maisey Ivashkov','Russia','140','5152');
Insert into CUSTOMERS (ID,NAME,COUNTRY,GRADE,SALESMAN_ID) values ('280','Thorndike Tuffell','Indonesia','180','5503');
Insert into CUSTOMERS (ID,NAME,COUNTRY,GRADE,SALESMAN_ID) values ('281','Demott Chesshire','Bangladesh','437','5376');
Insert into CUSTOMERS (ID,NAME,COUNTRY,GRADE,SALESMAN_ID) values ('282','Gilemette Seczyk','Greece','468','5649');
Insert into CUSTOMERS (ID,NAME,COUNTRY,GRADE,SALESMAN_ID) values ('283','Tiler Latimer','United States','358','5982');
Insert into CUSTOMERS (ID,NAME,COUNTRY,GRADE,SALESMAN_ID) values ('284','Claybourne Tideswell','Philippines','489','5343');
Insert into CUSTOMERS (ID,NAME,COUNTRY,GRADE,SALESMAN_ID) values ('285','Adan Franey','China','119','5752');
Insert into CUSTOMERS (ID,NAME,COUNTRY,GRADE,SALESMAN_ID) values ('286','Thomasine McMurraya','Thailand','425','5511');
Insert into CUSTOMERS (ID,NAME,COUNTRY,GRADE,SALESMAN_ID) values ('287','Vivian Litton','Indonesia','419','5167');
Insert into CUSTOMERS (ID,NAME,COUNTRY,GRADE,SALESMAN_ID) values ('288','Vida Shmyr','North Korea','134','5102');
Insert into CUSTOMERS (ID,NAME,COUNTRY,GRADE,SALESMAN_ID) values ('289','Prince Muspratt','Mongolia','341','5230');
Insert into CUSTOMERS (ID,NAME,COUNTRY,GRADE,SALESMAN_ID) values ('290','Noel Moorrud','Croatia','348','5409');
Insert into CUSTOMERS (ID,NAME,COUNTRY,GRADE,SALESMAN_ID) values ('291','Hillary Blague','Indonesia','341','5487');
Insert into CUSTOMERS (ID,NAME,COUNTRY,GRADE,SALESMAN_ID) values ('292','Dov Kalinsky','Portugal','119','5781');
Insert into CUSTOMERS (ID,NAME,COUNTRY,GRADE,SALESMAN_ID) values ('293','Felicio Slyford','Armenia','406','5193');
Insert into CUSTOMERS (ID,NAME,COUNTRY,GRADE,SALESMAN_ID) values ('294','Dolph Halbeard','Bangladesh','177','5958');
Insert into CUSTOMERS (ID,NAME,COUNTRY,GRADE,SALESMAN_ID) values ('295','Dynah Ayshford','Ukraine','296','5585');
Insert into CUSTOMERS (ID,NAME,COUNTRY,GRADE,SALESMAN_ID) values ('296','Torey Brookes','China','250','5105');
Insert into CUSTOMERS (ID,NAME,COUNTRY,GRADE,SALESMAN_ID) values ('297','Grange Garratt','Greece','110','5309');
Insert into CUSTOMERS (ID,NAME,COUNTRY,GRADE,SALESMAN_ID) values ('298','Teri Bretherton','France','239','5131');
Insert into CUSTOMERS (ID,NAME,COUNTRY,GRADE,SALESMAN_ID) values ('299','Joyann Billie','Malaysia','289','5035');
Insert into CUSTOMERS (ID,NAME,COUNTRY,GRADE,SALESMAN_ID) values ('300','Billy Hedaux','Indonesia','197','5653');
Insert into CUSTOMERS (ID,NAME,COUNTRY,GRADE,SALESMAN_ID) values ('301','Barny O''Looney','China','197','5982');
Insert into CUSTOMERS (ID,NAME,COUNTRY,GRADE,SALESMAN_ID) values ('302','Curcio Flewett','Portugal','312','5454');
Insert into CUSTOMERS (ID,NAME,COUNTRY,GRADE,SALESMAN_ID) values ('303','Eugine Leavold','Philippines','488','5275');
Insert into CUSTOMERS (ID,NAME,COUNTRY,GRADE,SALESMAN_ID) values ('304','Alica Mariet','China','106','5654');
Insert into CUSTOMERS (ID,NAME,COUNTRY,GRADE,SALESMAN_ID) values ('305','Kevina Neeves','Burkina Faso','360','5504');
Insert into CUSTOMERS (ID,NAME,COUNTRY,GRADE,SALESMAN_ID) values ('306','Henryetta Knyvett','Myanmar','213','5515');
Insert into CUSTOMERS (ID,NAME,COUNTRY,GRADE,SALESMAN_ID) values ('307','Marguerite MacGorrie','Ethiopia','197','5667');
Insert into CUSTOMERS (ID,NAME,COUNTRY,GRADE,SALESMAN_ID) values ('308','Garreth Reeme','Russia','339','5493');
Insert into CUSTOMERS (ID,NAME,COUNTRY,GRADE,SALESMAN_ID) values ('309','Anatola Kynan','China','496','5361');
Insert into CUSTOMERS (ID,NAME,COUNTRY,GRADE,SALESMAN_ID) values ('310','Benedikta Gleave','Greece','342','5223');
Insert into CUSTOMERS (ID,NAME,COUNTRY,GRADE,SALESMAN_ID) values ('311','Debee Fraulo','Indonesia','115','5951');
Insert into CUSTOMERS (ID,NAME,COUNTRY,GRADE,SALESMAN_ID) values ('312','Micaela Malbon','Russia','116','5175');
Insert into CUSTOMERS (ID,NAME,COUNTRY,GRADE,SALESMAN_ID) values ('313','Tabbi Goodsir','Indonesia','223','5567');
Insert into CUSTOMERS (ID,NAME,COUNTRY,GRADE,SALESMAN_ID) values ('314','El Esson','Sweden','369','5524');
Insert into CUSTOMERS (ID,NAME,COUNTRY,GRADE,SALESMAN_ID) values ('315','Issi Sisse','Egypt','108','5552');
Insert into CUSTOMERS (ID,NAME,COUNTRY,GRADE,SALESMAN_ID) values ('316','Eamon Stanmore','Ukraine','386','5874');
Insert into CUSTOMERS (ID,NAME,COUNTRY,GRADE,SALESMAN_ID) values ('317','Chelsey Toal','Gambia','384','5464');
Insert into CUSTOMERS (ID,NAME,COUNTRY,GRADE,SALESMAN_ID) values ('318','Joella Marl','Indonesia','107','5462');
Insert into CUSTOMERS (ID,NAME,COUNTRY,GRADE,SALESMAN_ID) values ('319','Nady Bradane','Russia','229','5403');
Insert into CUSTOMERS (ID,NAME,COUNTRY,GRADE,SALESMAN_ID) values ('320','Rafael Attwoul','Peru','258','5355');
Insert into CUSTOMERS (ID,NAME,COUNTRY,GRADE,SALESMAN_ID) values ('321','Ana Dowrey','Mexico','158','5308');
Insert into CUSTOMERS (ID,NAME,COUNTRY,GRADE,SALESMAN_ID) values ('322','Aguistin O''Breen','Indonesia','169','5442');
Insert into CUSTOMERS (ID,NAME,COUNTRY,GRADE,SALESMAN_ID) values ('323','Joy Hubert','Hungary','286','5948');
Insert into CUSTOMERS (ID,NAME,COUNTRY,GRADE,SALESMAN_ID) values ('324','Nelle Murrey','Indonesia','305','5067');
Insert into CUSTOMERS (ID,NAME,COUNTRY,GRADE,SALESMAN_ID) values ('325','Barb Granger','Finland','240','5248');
Insert into CUSTOMERS (ID,NAME,COUNTRY,GRADE,SALESMAN_ID) values ('326','Hedwiga Arnald','China','176','5853');
Insert into CUSTOMERS (ID,NAME,COUNTRY,GRADE,SALESMAN_ID) values ('327','Gabriella Goodlip','El Salvador','396','5973');
Insert into CUSTOMERS (ID,NAME,COUNTRY,GRADE,SALESMAN_ID) values ('328','Mal Carnduff','Estonia','267','5871');
Insert into CUSTOMERS (ID,NAME,COUNTRY,GRADE,SALESMAN_ID) values ('329','Ardelia Alwell','Indonesia','158','5514');
Insert into CUSTOMERS (ID,NAME,COUNTRY,GRADE,SALESMAN_ID) values ('330','Ky Klimov','Indonesia','385','5518');
Insert into CUSTOMERS (ID,NAME,COUNTRY,GRADE,SALESMAN_ID) values ('331','Paxton Gaylor','Philippines','434','5654');
Insert into CUSTOMERS (ID,NAME,COUNTRY,GRADE,SALESMAN_ID) values ('332','Lind Morrow','China','237','5536');
Insert into CUSTOMERS (ID,NAME,COUNTRY,GRADE,SALESMAN_ID) values ('333','Alyss Sign','China','282','5280');
Insert into CUSTOMERS (ID,NAME,COUNTRY,GRADE,SALESMAN_ID) values ('334','Rick Lippingwell','Finland','275','5159');
Insert into CUSTOMERS (ID,NAME,COUNTRY,GRADE,SALESMAN_ID) values ('335','Fransisco Greir','Estonia','500','5702');
Insert into CUSTOMERS (ID,NAME,COUNTRY,GRADE,SALESMAN_ID) values ('336','Oby Freen','China','468','5588');
Insert into CUSTOMERS (ID,NAME,COUNTRY,GRADE,SALESMAN_ID) values ('337','Moshe Lawton','China','173','5749');
Insert into CUSTOMERS (ID,NAME,COUNTRY,GRADE,SALESMAN_ID) values ('338','Gabie Valentinetti','Indonesia','325','5397');
Insert into CUSTOMERS (ID,NAME,COUNTRY,GRADE,SALESMAN_ID) values ('339','Sydel Stevings','Niger','288','5500');
Insert into CUSTOMERS (ID,NAME,COUNTRY,GRADE,SALESMAN_ID) values ('340','Fan Pullan','Ethiopia','213','5032');
Insert into CUSTOMERS (ID,NAME,COUNTRY,GRADE,SALESMAN_ID) values ('341','Jarad Hessle','Myanmar','291','5705');
Insert into CUSTOMERS (ID,NAME,COUNTRY,GRADE,SALESMAN_ID) values ('342','Jenni Biggadyke','Philippines','276','5485');
Insert into CUSTOMERS (ID,NAME,COUNTRY,GRADE,SALESMAN_ID) values ('343','Martha Hunnicot','Sri Lanka','307','5161');
Insert into CUSTOMERS (ID,NAME,COUNTRY,GRADE,SALESMAN_ID) values ('344','Agatha Slad','Brazil','230','5130');
Insert into CUSTOMERS (ID,NAME,COUNTRY,GRADE,SALESMAN_ID) values ('345','Artemis Vidineev','Dominican Republic','258','5007');
Insert into CUSTOMERS (ID,NAME,COUNTRY,GRADE,SALESMAN_ID) values ('346','Franklyn Etuck','Bolivia','230','5842');
Insert into CUSTOMERS (ID,NAME,COUNTRY,GRADE,SALESMAN_ID) values ('347','Tabbatha Hazeldean','Portugal','453','5876');
Insert into CUSTOMERS (ID,NAME,COUNTRY,GRADE,SALESMAN_ID) values ('348','Kissiah Jaume','Colombia','496','5276');
Insert into CUSTOMERS (ID,NAME,COUNTRY,GRADE,SALESMAN_ID) values ('349','Mona O'' Dornan','China','485','5178');
Insert into CUSTOMERS (ID,NAME,COUNTRY,GRADE,SALESMAN_ID) values ('350','Hugh Loosley','Russia','402','5434');
Insert into CUSTOMERS (ID,NAME,COUNTRY,GRADE,SALESMAN_ID) values ('351','Perceval Edgerly','Morocco','451','5497');
Insert into CUSTOMERS (ID,NAME,COUNTRY,GRADE,SALESMAN_ID) values ('352','Dale Corney','Sweden','484','5414');
Insert into CUSTOMERS (ID,NAME,COUNTRY,GRADE,SALESMAN_ID) values ('353','Tommie Gynn','Latvia','403','5903');
Insert into CUSTOMERS (ID,NAME,COUNTRY,GRADE,SALESMAN_ID) values ('354','Stacie Delafoy','Greece','310','5721');
Insert into CUSTOMERS (ID,NAME,COUNTRY,GRADE,SALESMAN_ID) values ('355','Matt Kenelin','Serbia','404','5205');
Insert into CUSTOMERS (ID,NAME,COUNTRY,GRADE,SALESMAN_ID) values ('356','Buddy Wicher','Japan','226','5928');
Insert into CUSTOMERS (ID,NAME,COUNTRY,GRADE,SALESMAN_ID) values ('357','Brnaby Goldberg','Brazil','369','5817');
Insert into CUSTOMERS (ID,NAME,COUNTRY,GRADE,SALESMAN_ID) values ('358','Fee Lyfield','China','247','5556');
Insert into CUSTOMERS (ID,NAME,COUNTRY,GRADE,SALESMAN_ID) values ('359','Una Mayze','Russia','410','5394');
Insert into CUSTOMERS (ID,NAME,COUNTRY,GRADE,SALESMAN_ID) values ('360','Hillard McTrustram','Indonesia','139','5870');
Insert into CUSTOMERS (ID,NAME,COUNTRY,GRADE,SALESMAN_ID) values ('361','Kikelia Johnston','Brazil','391','5618');
Insert into CUSTOMERS (ID,NAME,COUNTRY,GRADE,SALESMAN_ID) values ('362','Thedric Cuff','Panama','167','5524');
Insert into CUSTOMERS (ID,NAME,COUNTRY,GRADE,SALESMAN_ID) values ('363','Mortie Sandom','Yemen','241','5969');
Insert into CUSTOMERS (ID,NAME,COUNTRY,GRADE,SALESMAN_ID) values ('901','Annette Pheasant','Afghanistan','258','5297');
Insert into CUSTOMERS (ID,NAME,COUNTRY,GRADE,SALESMAN_ID) values ('902','Ciel Mussotti','Kazakhstan','498','5271');
Insert into CUSTOMERS (ID,NAME,COUNTRY,GRADE,SALESMAN_ID) values ('903','Katherina Desvignes','Brazil','241','5681');
Insert into CUSTOMERS (ID,NAME,COUNTRY,GRADE,SALESMAN_ID) values ('904','Willi Maase','South Korea','233','5723');
Insert into CUSTOMERS (ID,NAME,COUNTRY,GRADE,SALESMAN_ID) values ('905','Hillel Steward','Indonesia','326','5700');
Insert into CUSTOMERS (ID,NAME,COUNTRY,GRADE,SALESMAN_ID) values ('906','Cele Danjoie','Thailand','423','5568');
Insert into CUSTOMERS (ID,NAME,COUNTRY,GRADE,SALESMAN_ID) values ('907','Averyl Diver','Indonesia','107','5144');
Insert into CUSTOMERS (ID,NAME,COUNTRY,GRADE,SALESMAN_ID) values ('908','Pearce Estabrook','Indonesia','197','5306');
Insert into CUSTOMERS (ID,NAME,COUNTRY,GRADE,SALESMAN_ID) values ('909','Susanne Scotchbourouge','Poland','194','5971');
Insert into CUSTOMERS (ID,NAME,COUNTRY,GRADE,SALESMAN_ID) values ('910','Gerrard Simner','Czech Republic','486','5118');
Insert into CUSTOMERS (ID,NAME,COUNTRY,GRADE,SALESMAN_ID) values ('911','Cordy Warrior','Saudi Arabia','434','5718');
Insert into CUSTOMERS (ID,NAME,COUNTRY,GRADE,SALESMAN_ID) values ('912','Garnet Wilks','Russia','196','5531');
Insert into CUSTOMERS (ID,NAME,COUNTRY,GRADE,SALESMAN_ID) values ('913','Leoline Forgan','Philippines','301','5940');
Insert into CUSTOMERS (ID,NAME,COUNTRY,GRADE,SALESMAN_ID) values ('914','Ethelbert Malafe','Afghanistan','201','5323');
Insert into CUSTOMERS (ID,NAME,COUNTRY,GRADE,SALESMAN_ID) values ('915','Jobie Fardoe','Indonesia','218','5762');
Insert into CUSTOMERS (ID,NAME,COUNTRY,GRADE,SALESMAN_ID) values ('916','Milissent Towlson','Peru','363','5806');
Insert into CUSTOMERS (ID,NAME,COUNTRY,GRADE,SALESMAN_ID) values ('917','Teodorico Bru','China','402','5464');
Insert into CUSTOMERS (ID,NAME,COUNTRY,GRADE,SALESMAN_ID) values ('918','Lonni Ambler','Norway','418','5986');
Insert into CUSTOMERS (ID,NAME,COUNTRY,GRADE,SALESMAN_ID) values ('919','Wallis Brinicombe','China','467','5892');
Insert into CUSTOMERS (ID,NAME,COUNTRY,GRADE,SALESMAN_ID) values ('920','Natty Cabell','Greece','434','5530');
Insert into CUSTOMERS (ID,NAME,COUNTRY,GRADE,SALESMAN_ID) values ('921','Cary Covet','Philippines','244','5630');
Insert into CUSTOMERS (ID,NAME,COUNTRY,GRADE,SALESMAN_ID) values ('922','Shepperd Dallywater','Angola','135','5092');
Insert into CUSTOMERS (ID,NAME,COUNTRY,GRADE,SALESMAN_ID) values ('923','Hector Gerardet','China','352','5419');
Insert into CUSTOMERS (ID,NAME,COUNTRY,GRADE,SALESMAN_ID) values ('924','Vic Maddigan','El Salvador','213','5776');
Insert into CUSTOMERS (ID,NAME,COUNTRY,GRADE,SALESMAN_ID) values ('925','Jenna Pegram','China','221','5558');
Insert into CUSTOMERS (ID,NAME,COUNTRY,GRADE,SALESMAN_ID) values ('926','Leonardo Vogele','Russia','219','5022');
Insert into CUSTOMERS (ID,NAME,COUNTRY,GRADE,SALESMAN_ID) values ('927','Damien Canti','Russia','440','5142');
Insert into CUSTOMERS (ID,NAME,COUNTRY,GRADE,SALESMAN_ID) values ('928','Burlie Badham','Peru','494','5855');
Insert into CUSTOMERS (ID,NAME,COUNTRY,GRADE,SALESMAN_ID) values ('929','Cyrillus Pilger','Indonesia','270','5875');
Insert into CUSTOMERS (ID,NAME,COUNTRY,GRADE,SALESMAN_ID) values ('930','Robbie Carles','China','177','5895');
Insert into CUSTOMERS (ID,NAME,COUNTRY,GRADE,SALESMAN_ID) values ('931','Elbertina McVee','Ukraine','201','5025');
Insert into CUSTOMERS (ID,NAME,COUNTRY,GRADE,SALESMAN_ID) values ('932','Lexie Burgne','Czech Republic','104','5912');
Insert into CUSTOMERS (ID,NAME,COUNTRY,GRADE,SALESMAN_ID) values ('933','Paolina Sheffield','Serbia','292','5895');
Insert into CUSTOMERS (ID,NAME,COUNTRY,GRADE,SALESMAN_ID) values ('934','Hilario Hubane','China','440','5320');
Insert into CUSTOMERS (ID,NAME,COUNTRY,GRADE,SALESMAN_ID) values ('935','Darcie Akred','France','447','5645');
Insert into CUSTOMERS (ID,NAME,COUNTRY,GRADE,SALESMAN_ID) values ('936','Rancell Arblaster','Egypt','297','5442');
Insert into CUSTOMERS (ID,NAME,COUNTRY,GRADE,SALESMAN_ID) values ('937','Jeralee Fanton','Poland','404','5812');
Insert into CUSTOMERS (ID,NAME,COUNTRY,GRADE,SALESMAN_ID) values ('938','Selene Yurevich','Brazil','346','5161');
Insert into CUSTOMERS (ID,NAME,COUNTRY,GRADE,SALESMAN_ID) values ('939','Petronella Crathorne','Brazil','441','5283');
Insert into CUSTOMERS (ID,NAME,COUNTRY,GRADE,SALESMAN_ID) values ('940','Wyatt Turbefield','China','357','5261');
Insert into CUSTOMERS (ID,NAME,COUNTRY,GRADE,SALESMAN_ID) values ('941','Duff Pietruszewicz','Indonesia','253','5422');
Insert into CUSTOMERS (ID,NAME,COUNTRY,GRADE,SALESMAN_ID) values ('942','Buckie Jevons','Morocco','457','5226');
Insert into CUSTOMERS (ID,NAME,COUNTRY,GRADE,SALESMAN_ID) values ('943','Aldwin Cohen','Ireland','185','5465');
Insert into CUSTOMERS (ID,NAME,COUNTRY,GRADE,SALESMAN_ID) values ('944','Cindee Slainey','Russia','351','5430');
Insert into CUSTOMERS (ID,NAME,COUNTRY,GRADE,SALESMAN_ID) values ('945','Robinson Chapelhow','China','343','5791');
Insert into CUSTOMERS (ID,NAME,COUNTRY,GRADE,SALESMAN_ID) values ('946','Anthe Ascraft','Indonesia','459','5987');
Insert into CUSTOMERS (ID,NAME,COUNTRY,GRADE,SALESMAN_ID) values ('947','Willabella Moorman','Honduras','392','5215');
Insert into CUSTOMERS (ID,NAME,COUNTRY,GRADE,SALESMAN_ID) values ('948','Bo Grigorey','China','460','5979');
Insert into CUSTOMERS (ID,NAME,COUNTRY,GRADE,SALESMAN_ID) values ('949','Ellerey O''Dea','Indonesia','371','5298');
Insert into CUSTOMERS (ID,NAME,COUNTRY,GRADE,SALESMAN_ID) values ('950','Tailor Troucher','Portugal','102','5631');
Insert into CUSTOMERS (ID,NAME,COUNTRY,GRADE,SALESMAN_ID) values ('951','Coletta Rouch','Indonesia','485','5439');
Insert into CUSTOMERS (ID,NAME,COUNTRY,GRADE,SALESMAN_ID) values ('952','Berrie Dawtrey','Netherlands','286','5572');
Insert into CUSTOMERS (ID,NAME,COUNTRY,GRADE,SALESMAN_ID) values ('953','Anne-corinne Jacobssen','Indonesia','434','5657');
Insert into CUSTOMERS (ID,NAME,COUNTRY,GRADE,SALESMAN_ID) values ('954','Cullan Menier','Colombia','117','5800');
Insert into CUSTOMERS (ID,NAME,COUNTRY,GRADE,SALESMAN_ID) values ('955','Ivor Finlow','China','100','5017');
Insert into CUSTOMERS (ID,NAME,COUNTRY,GRADE,SALESMAN_ID) values ('956','Roddie Haskey','Poland','361','5237');
Insert into CUSTOMERS (ID,NAME,COUNTRY,GRADE,SALESMAN_ID) values ('957','Bamby Angerstein','Pakistan','333','5101');
Insert into CUSTOMERS (ID,NAME,COUNTRY,GRADE,SALESMAN_ID) values ('958','Katinka Pritchett','Indonesia','272','5822');
Insert into CUSTOMERS (ID,NAME,COUNTRY,GRADE,SALESMAN_ID) values ('959','Bradford Leavesley','Chile','345','5974');
Insert into CUSTOMERS (ID,NAME,COUNTRY,GRADE,SALESMAN_ID) values ('960','Clem Hinkensen','Indonesia','317','5455');
Insert into CUSTOMERS (ID,NAME,COUNTRY,GRADE,SALESMAN_ID) values ('961','Vivie Friedenbach','Peru','148','5943');
Insert into CUSTOMERS (ID,NAME,COUNTRY,GRADE,SALESMAN_ID) values ('962','Daron Matteucci','France','123','5556');
Insert into CUSTOMERS (ID,NAME,COUNTRY,GRADE,SALESMAN_ID) values ('963','Arliene Stowell','Indonesia','195','5559');
Insert into CUSTOMERS (ID,NAME,COUNTRY,GRADE,SALESMAN_ID) values ('964','Meade Tooher','Syria','198','5853');
Insert into CUSTOMERS (ID,NAME,COUNTRY,GRADE,SALESMAN_ID) values ('965','Gillie Akred','Nigeria','492','5856');
Insert into CUSTOMERS (ID,NAME,COUNTRY,GRADE,SALESMAN_ID) values ('966','Lydia Dugald','Argentina','169','5199');
Insert into CUSTOMERS (ID,NAME,COUNTRY,GRADE,SALESMAN_ID) values ('967','York Murrish','France','214','5491');
Insert into CUSTOMERS (ID,NAME,COUNTRY,GRADE,SALESMAN_ID) values ('968','Othelia Ridolfo','Iran','112','5983');
Insert into CUSTOMERS (ID,NAME,COUNTRY,GRADE,SALESMAN_ID) values ('969','Otis Lishmund','China','471','5622');
Insert into CUSTOMERS (ID,NAME,COUNTRY,GRADE,SALESMAN_ID) values ('970','Penny Winfindale','Indonesia','334','5586');
Insert into CUSTOMERS (ID,NAME,COUNTRY,GRADE,SALESMAN_ID) values ('971','Karlee Whistlecroft','Sweden','330','5092');
Insert into CUSTOMERS (ID,NAME,COUNTRY,GRADE,SALESMAN_ID) values ('972','Douglass Arlott','Indonesia','176','5496');
Insert into CUSTOMERS (ID,NAME,COUNTRY,GRADE,SALESMAN_ID) values ('973','Ruy Dubble','Portugal','453','5045');
Insert into CUSTOMERS (ID,NAME,COUNTRY,GRADE,SALESMAN_ID) values ('974','Raffaello Giovannini','Chad','292','5883');
Insert into CUSTOMERS (ID,NAME,COUNTRY,GRADE,SALESMAN_ID) values ('975','Lin Chipchase','Brazil','390','5696');
Insert into CUSTOMERS (ID,NAME,COUNTRY,GRADE,SALESMAN_ID) values ('976','Temp Wright','China','142','5762');
Insert into CUSTOMERS (ID,NAME,COUNTRY,GRADE,SALESMAN_ID) values ('977','Jamil Borrie','France','203','5368');
Insert into CUSTOMERS (ID,NAME,COUNTRY,GRADE,SALESMAN_ID) values ('978','Trixi Monnelly','Greece','242','5774');
Insert into CUSTOMERS (ID,NAME,COUNTRY,GRADE,SALESMAN_ID) values ('979','Alard Ibbitt','Indonesia','257','5004');
Insert into CUSTOMERS (ID,NAME,COUNTRY,GRADE,SALESMAN_ID) values ('980','Nat O''Scanlon','Indonesia','306','5349');
Insert into CUSTOMERS (ID,NAME,COUNTRY,GRADE,SALESMAN_ID) values ('981','Flossi Dinsmore','Nigeria','382','5487');
Insert into CUSTOMERS (ID,NAME,COUNTRY,GRADE,SALESMAN_ID) values ('982','Bogey Balderson','China','277','5874');
Insert into CUSTOMERS (ID,NAME,COUNTRY,GRADE,SALESMAN_ID) values ('983','Flori Rodgman','Indonesia','232','5729');
Insert into CUSTOMERS (ID,NAME,COUNTRY,GRADE,SALESMAN_ID) values ('984','Gayle Barkas','Thailand','472','5577');
Insert into CUSTOMERS (ID,NAME,COUNTRY,GRADE,SALESMAN_ID) values ('985','Lionel Prigg','Mexico','459','5302');
Insert into CUSTOMERS (ID,NAME,COUNTRY,GRADE,SALESMAN_ID) values ('986','Ivette Vasilyevski','Ethiopia','268','5416');
Insert into CUSTOMERS (ID,NAME,COUNTRY,GRADE,SALESMAN_ID) values ('987','Hermy Kitman','Portugal','147','5683');
Insert into CUSTOMERS (ID,NAME,COUNTRY,GRADE,SALESMAN_ID) values ('988','Nancey Binning','China','191','5800');
Insert into CUSTOMERS (ID,NAME,COUNTRY,GRADE,SALESMAN_ID) values ('989','Owen Bound','China','368','5941');
Insert into CUSTOMERS (ID,NAME,COUNTRY,GRADE,SALESMAN_ID) values ('990','Eirena Corbett','Mongolia','248','5127');
Insert into CUSTOMERS (ID,NAME,COUNTRY,GRADE,SALESMAN_ID) values ('991','Reed Steagall','United States','341','5812');
Insert into CUSTOMERS (ID,NAME,COUNTRY,GRADE,SALESMAN_ID) values ('992','Eachelle Matthias','Lithuania','248','5464');
Insert into CUSTOMERS (ID,NAME,COUNTRY,GRADE,SALESMAN_ID) values ('993','Kristen Karolewski','Indonesia','239','5152');
Insert into CUSTOMERS (ID,NAME,COUNTRY,GRADE,SALESMAN_ID) values ('994','Carmina Kingswood','Dominican Republic','270','5086');
Insert into CUSTOMERS (ID,NAME,COUNTRY,GRADE,SALESMAN_ID) values ('995','Quent Jayme','Bhutan','286','5242');
Insert into CUSTOMERS (ID,NAME,COUNTRY,GRADE,SALESMAN_ID) values ('996','Eulalie Bleakman','Bolivia','347','5449');
Insert into CUSTOMERS (ID,NAME,COUNTRY,GRADE,SALESMAN_ID) values ('997','Nicki Alves','Portugal','404','5369');
Insert into CUSTOMERS (ID,NAME,COUNTRY,GRADE,SALESMAN_ID) values ('998','Dorey Johnke','Poland','195','5911');
Insert into CUSTOMERS (ID,NAME,COUNTRY,GRADE,SALESMAN_ID) values ('999','Anderea Leifer','Czech Republic','146','5686');
Insert into CUSTOMERS (ID,NAME,COUNTRY,GRADE,SALESMAN_ID) values ('1000','Vasili Wheeldon','Japan','243','5676');
REM INSERTING into ORDERS
SET DEFINE OFF;
Insert into ORDERS (ID,AMOUNT,ORDER_DATE,CUSTOMER_ID,SALESMAN_ID) values ('412','3994.51','03/27/2018','698','5772');
Insert into ORDERS (ID,AMOUNT,ORDER_DATE,CUSTOMER_ID,SALESMAN_ID) values ('413','2862.96','10/21/2017','688','5928');
Insert into ORDERS (ID,AMOUNT,ORDER_DATE,CUSTOMER_ID,SALESMAN_ID) values ('414','3366.06','11/08/2017','553','5328');
Insert into ORDERS (ID,AMOUNT,ORDER_DATE,CUSTOMER_ID,SALESMAN_ID) values ('415','3928.49','07/14/2017','930','5188');
Insert into ORDERS (ID,AMOUNT,ORDER_DATE,CUSTOMER_ID,SALESMAN_ID) values ('416','3290.55','07/14/2017','372','5235');
Insert into ORDERS (ID,AMOUNT,ORDER_DATE,CUSTOMER_ID,SALESMAN_ID) values ('417','1191.47','01/05/2018','674','5086');
Insert into ORDERS (ID,AMOUNT,ORDER_DATE,CUSTOMER_ID,SALESMAN_ID) values ('418','3562.06','06/01/2017','228','5249');
Insert into ORDERS (ID,AMOUNT,ORDER_DATE,CUSTOMER_ID,SALESMAN_ID) values ('419','3714.27','09/09/2017','938','5949');
Insert into ORDERS (ID,AMOUNT,ORDER_DATE,CUSTOMER_ID,SALESMAN_ID) values ('420','326.02','07/18/2017','145','5982');
Insert into ORDERS (ID,AMOUNT,ORDER_DATE,CUSTOMER_ID,SALESMAN_ID) values ('421','3872.36','04/09/2018','804','5011');
Insert into ORDERS (ID,AMOUNT,ORDER_DATE,CUSTOMER_ID,SALESMAN_ID) values ('422','461.62','04/12/2018','885','5181');
Insert into ORDERS (ID,AMOUNT,ORDER_DATE,CUSTOMER_ID,SALESMAN_ID) values ('423','3862.8','01/21/2018','733','5112');
Insert into ORDERS (ID,AMOUNT,ORDER_DATE,CUSTOMER_ID,SALESMAN_ID) values ('424','1936.83','05/03/2017','484','5801');
Insert into ORDERS (ID,AMOUNT,ORDER_DATE,CUSTOMER_ID,SALESMAN_ID) values ('425','1147.84','03/16/2018','972','5877');
Insert into ORDERS (ID,AMOUNT,ORDER_DATE,CUSTOMER_ID,SALESMAN_ID) values ('426','1038.84','02/07/2018','100','5640');
Insert into ORDERS (ID,AMOUNT,ORDER_DATE,CUSTOMER_ID,SALESMAN_ID) values ('427','3548.26','07/08/2017','420','5609');
Insert into ORDERS (ID,AMOUNT,ORDER_DATE,CUSTOMER_ID,SALESMAN_ID) values ('428','3636.13','11/21/2017','180','5045');
Insert into ORDERS (ID,AMOUNT,ORDER_DATE,CUSTOMER_ID,SALESMAN_ID) values ('429','1752.0','04/05/2018','95','5100');
Insert into ORDERS (ID,AMOUNT,ORDER_DATE,CUSTOMER_ID,SALESMAN_ID) values ('430','399.14','07/20/2017','277','5334');
Insert into ORDERS (ID,AMOUNT,ORDER_DATE,CUSTOMER_ID,SALESMAN_ID) values ('431','2739.93','02/10/2018','311','5926');
Insert into ORDERS (ID,AMOUNT,ORDER_DATE,CUSTOMER_ID,SALESMAN_ID) values ('432','807.57','09/04/2017','339','5536');
Insert into ORDERS (ID,AMOUNT,ORDER_DATE,CUSTOMER_ID,SALESMAN_ID) values ('433','3114.92','02/21/2018','56','5492');
Insert into ORDERS (ID,AMOUNT,ORDER_DATE,CUSTOMER_ID,SALESMAN_ID) values ('434','1541.94','07/13/2017','733','5748');
Insert into ORDERS (ID,AMOUNT,ORDER_DATE,CUSTOMER_ID,SALESMAN_ID) values ('435','3936.79','12/14/2017','757','5343');
Insert into ORDERS (ID,AMOUNT,ORDER_DATE,CUSTOMER_ID,SALESMAN_ID) values ('436','1433.67','07/30/2017','948','5554');
Insert into ORDERS (ID,AMOUNT,ORDER_DATE,CUSTOMER_ID,SALESMAN_ID) values ('437','1989.04','02/09/2018','700','5930');
Insert into ORDERS (ID,AMOUNT,ORDER_DATE,CUSTOMER_ID,SALESMAN_ID) values ('438','1953.9','01/13/2018','653','5374');
Insert into ORDERS (ID,AMOUNT,ORDER_DATE,CUSTOMER_ID,SALESMAN_ID) values ('439','935.2','07/05/2017','222','5188');
Insert into ORDERS (ID,AMOUNT,ORDER_DATE,CUSTOMER_ID,SALESMAN_ID) values ('440','2124.18','10/24/2017','496','5917');
Insert into ORDERS (ID,AMOUNT,ORDER_DATE,CUSTOMER_ID,SALESMAN_ID) values ('441','2398.74','04/24/2018','171','5632');
Insert into ORDERS (ID,AMOUNT,ORDER_DATE,CUSTOMER_ID,SALESMAN_ID) values ('442','2011.69','09/13/2017','548','5462');
Insert into ORDERS (ID,AMOUNT,ORDER_DATE,CUSTOMER_ID,SALESMAN_ID) values ('443','3007.69','04/10/2018','771','5250');
Insert into ORDERS (ID,AMOUNT,ORDER_DATE,CUSTOMER_ID,SALESMAN_ID) values ('444','3935.05','11/22/2017','545','5341');
Insert into ORDERS (ID,AMOUNT,ORDER_DATE,CUSTOMER_ID,SALESMAN_ID) values ('445','854.05','06/07/2017','980','5529');
Insert into ORDERS (ID,AMOUNT,ORDER_DATE,CUSTOMER_ID,SALESMAN_ID) values ('446','1155.27','08/04/2017','667','5596');
Insert into ORDERS (ID,AMOUNT,ORDER_DATE,CUSTOMER_ID,SALESMAN_ID) values ('447','291.03','06/11/2017','428','5442');
Insert into ORDERS (ID,AMOUNT,ORDER_DATE,CUSTOMER_ID,SALESMAN_ID) values ('448','286.6','09/30/2017','350','6000');
Insert into ORDERS (ID,AMOUNT,ORDER_DATE,CUSTOMER_ID,SALESMAN_ID) values ('449','341.06','08/04/2017','762','5371');
Insert into ORDERS (ID,AMOUNT,ORDER_DATE,CUSTOMER_ID,SALESMAN_ID) values ('450','438.5','07/04/2017','520','5944');
Insert into ORDERS (ID,AMOUNT,ORDER_DATE,CUSTOMER_ID,SALESMAN_ID) values ('451','2818.79','01/18/2018','221','5024');
Insert into ORDERS (ID,AMOUNT,ORDER_DATE,CUSTOMER_ID,SALESMAN_ID) values ('452','2451.76','11/26/2017','467','5970');
Insert into ORDERS (ID,AMOUNT,ORDER_DATE,CUSTOMER_ID,SALESMAN_ID) values ('453','1710.82','07/18/2017','283','5853');
Insert into ORDERS (ID,AMOUNT,ORDER_DATE,CUSTOMER_ID,SALESMAN_ID) values ('454','362.61','06/30/2017','606','5467');
Insert into ORDERS (ID,AMOUNT,ORDER_DATE,CUSTOMER_ID,SALESMAN_ID) values ('455','3718.47','05/05/2017','739','5580');
Insert into ORDERS (ID,AMOUNT,ORDER_DATE,CUSTOMER_ID,SALESMAN_ID) values ('456','2253.54','11/21/2017','554','5862');
Insert into ORDERS (ID,AMOUNT,ORDER_DATE,CUSTOMER_ID,SALESMAN_ID) values ('457','2561.33','11/15/2017','1000','5040');
Insert into ORDERS (ID,AMOUNT,ORDER_DATE,CUSTOMER_ID,SALESMAN_ID) values ('458','1838.25','03/26/2018','197','5310');
Insert into ORDERS (ID,AMOUNT,ORDER_DATE,CUSTOMER_ID,SALESMAN_ID) values ('459','2556.21','10/09/2017','927','5509');
Insert into ORDERS (ID,AMOUNT,ORDER_DATE,CUSTOMER_ID,SALESMAN_ID) values ('460','2581.36','03/28/2018','133','5537');
Insert into ORDERS (ID,AMOUNT,ORDER_DATE,CUSTOMER_ID,SALESMAN_ID) values ('461','2450.86','06/11/2017','960','5010');
Insert into ORDERS (ID,AMOUNT,ORDER_DATE,CUSTOMER_ID,SALESMAN_ID) values ('462','1060.11','04/27/2017','705','5145');
Insert into ORDERS (ID,AMOUNT,ORDER_DATE,CUSTOMER_ID,SALESMAN_ID) values ('463','2851.81','06/20/2017','218','5614');
Insert into ORDERS (ID,AMOUNT,ORDER_DATE,CUSTOMER_ID,SALESMAN_ID) values ('464','1390.58','09/26/2017','373','5991');
Insert into ORDERS (ID,AMOUNT,ORDER_DATE,CUSTOMER_ID,SALESMAN_ID) values ('465','2717.04','08/21/2017','795','5248');
Insert into ORDERS (ID,AMOUNT,ORDER_DATE,CUSTOMER_ID,SALESMAN_ID) values ('466','3513.54','07/22/2017','591','5131');
Insert into ORDERS (ID,AMOUNT,ORDER_DATE,CUSTOMER_ID,SALESMAN_ID) values ('467','2193.91','07/06/2017','109','5614');
Insert into ORDERS (ID,AMOUNT,ORDER_DATE,CUSTOMER_ID,SALESMAN_ID) values ('468','2195.16','08/29/2017','435','5933');
Insert into ORDERS (ID,AMOUNT,ORDER_DATE,CUSTOMER_ID,SALESMAN_ID) values ('469','1121.3','04/23/2018','155','5568');
Insert into ORDERS (ID,AMOUNT,ORDER_DATE,CUSTOMER_ID,SALESMAN_ID) values ('470','3523.51','08/24/2017','627','5643');
Insert into ORDERS (ID,AMOUNT,ORDER_DATE,CUSTOMER_ID,SALESMAN_ID) values ('471','265.28','08/28/2017','630','5197');
Insert into ORDERS (ID,AMOUNT,ORDER_DATE,CUSTOMER_ID,SALESMAN_ID) values ('472','633.5','05/19/2017','792','5029');
Insert into ORDERS (ID,AMOUNT,ORDER_DATE,CUSTOMER_ID,SALESMAN_ID) values ('473','2917.7','06/08/2017','815','5083');
Insert into ORDERS (ID,AMOUNT,ORDER_DATE,CUSTOMER_ID,SALESMAN_ID) values ('474','2088.99','08/29/2017','908','5755');
Insert into ORDERS (ID,AMOUNT,ORDER_DATE,CUSTOMER_ID,SALESMAN_ID) values ('475','2610.77','04/02/2018','617','5733');
Insert into ORDERS (ID,AMOUNT,ORDER_DATE,CUSTOMER_ID,SALESMAN_ID) values ('476','200.4','01/27/2018','276','5992');
Insert into ORDERS (ID,AMOUNT,ORDER_DATE,CUSTOMER_ID,SALESMAN_ID) values ('477','167.94','09/21/2017','478','5937');
Insert into ORDERS (ID,AMOUNT,ORDER_DATE,CUSTOMER_ID,SALESMAN_ID) values ('478','1719.87','08/25/2017','354','5607');
Insert into ORDERS (ID,AMOUNT,ORDER_DATE,CUSTOMER_ID,SALESMAN_ID) values ('479','168.65','11/15/2017','364','5401');
Insert into ORDERS (ID,AMOUNT,ORDER_DATE,CUSTOMER_ID,SALESMAN_ID) values ('480','1657.55','10/19/2017','950','5610');
Insert into ORDERS (ID,AMOUNT,ORDER_DATE,CUSTOMER_ID,SALESMAN_ID) values ('481','1782.42','04/20/2018','709','5712');
Insert into ORDERS (ID,AMOUNT,ORDER_DATE,CUSTOMER_ID,SALESMAN_ID) values ('482','2230.5','01/17/2018','986','5410');
Insert into ORDERS (ID,AMOUNT,ORDER_DATE,CUSTOMER_ID,SALESMAN_ID) values ('483','640.16','10/12/2017','844','5145');
Insert into ORDERS (ID,AMOUNT,ORDER_DATE,CUSTOMER_ID,SALESMAN_ID) values ('484','2300.55','10/10/2017','164','5464');
Insert into ORDERS (ID,AMOUNT,ORDER_DATE,CUSTOMER_ID,SALESMAN_ID) values ('485','3039.97','11/02/2017','105','5219');
Insert into ORDERS (ID,AMOUNT,ORDER_DATE,CUSTOMER_ID,SALESMAN_ID) values ('486','3420.82','01/31/2018','145','5240');
Insert into ORDERS (ID,AMOUNT,ORDER_DATE,CUSTOMER_ID,SALESMAN_ID) values ('487','3789.42','08/01/2017','11','5025');
Insert into ORDERS (ID,AMOUNT,ORDER_DATE,CUSTOMER_ID,SALESMAN_ID) values ('488','3857.44','12/31/2017','564','5711');
Insert into ORDERS (ID,AMOUNT,ORDER_DATE,CUSTOMER_ID,SALESMAN_ID) values ('489','1985.35','01/09/2018','644','5164');
Insert into ORDERS (ID,AMOUNT,ORDER_DATE,CUSTOMER_ID,SALESMAN_ID) values ('490','981.12','08/29/2017','738','5907');
Insert into ORDERS (ID,AMOUNT,ORDER_DATE,CUSTOMER_ID,SALESMAN_ID) values ('491','2752.06','06/25/2017','625','5381');
Insert into ORDERS (ID,AMOUNT,ORDER_DATE,CUSTOMER_ID,SALESMAN_ID) values ('492','2069.14','05/14/2017','147','5682');
Insert into ORDERS (ID,AMOUNT,ORDER_DATE,CUSTOMER_ID,SALESMAN_ID) values ('493','2508.17','10/06/2017','28','5131');
Insert into ORDERS (ID,AMOUNT,ORDER_DATE,CUSTOMER_ID,SALESMAN_ID) values ('494','961.04','04/14/2018','595','5936');
Insert into ORDERS (ID,AMOUNT,ORDER_DATE,CUSTOMER_ID,SALESMAN_ID) values ('495','3961.71','05/31/2017','649','5696');
Insert into ORDERS (ID,AMOUNT,ORDER_DATE,CUSTOMER_ID,SALESMAN_ID) values ('496','1719.0','12/09/2017','508','5244');
Insert into ORDERS (ID,AMOUNT,ORDER_DATE,CUSTOMER_ID,SALESMAN_ID) values ('497','3705.92','05/24/2017','236','5677');
Insert into ORDERS (ID,AMOUNT,ORDER_DATE,CUSTOMER_ID,SALESMAN_ID) values ('498','965.11','07/30/2017','663','5390');
Insert into ORDERS (ID,AMOUNT,ORDER_DATE,CUSTOMER_ID,SALESMAN_ID) values ('499','1695.68','06/29/2017','578','5104');
Insert into ORDERS (ID,AMOUNT,ORDER_DATE,CUSTOMER_ID,SALESMAN_ID) values ('500','3091.5','02/01/2018','451','5740');
Insert into ORDERS (ID,AMOUNT,ORDER_DATE,CUSTOMER_ID,SALESMAN_ID) values ('501','2957.49','12/14/2017','148','5690');
Insert into ORDERS (ID,AMOUNT,ORDER_DATE,CUSTOMER_ID,SALESMAN_ID) values ('502','477.9','10/22/2017','787','5332');
Insert into ORDERS (ID,AMOUNT,ORDER_DATE,CUSTOMER_ID,SALESMAN_ID) values ('503','1434.26','06/25/2017','293','5139');
Insert into ORDERS (ID,AMOUNT,ORDER_DATE,CUSTOMER_ID,SALESMAN_ID) values ('504','658.28','04/17/2018','817','5592');
Insert into ORDERS (ID,AMOUNT,ORDER_DATE,CUSTOMER_ID,SALESMAN_ID) values ('505','2157.9','02/10/2018','523','5738');
Insert into ORDERS (ID,AMOUNT,ORDER_DATE,CUSTOMER_ID,SALESMAN_ID) values ('506','632.07','04/07/2018','620','5222');
Insert into ORDERS (ID,AMOUNT,ORDER_DATE,CUSTOMER_ID,SALESMAN_ID) values ('507','3755.29','03/08/2018','872','5156');
Insert into ORDERS (ID,AMOUNT,ORDER_DATE,CUSTOMER_ID,SALESMAN_ID) values ('508','241.83','01/22/2018','677','5966');
Insert into ORDERS (ID,AMOUNT,ORDER_DATE,CUSTOMER_ID,SALESMAN_ID) values ('509','3628.83','09/06/2017','120','5123');
Insert into ORDERS (ID,AMOUNT,ORDER_DATE,CUSTOMER_ID,SALESMAN_ID) values ('510','2145.07','05/12/2017','208','5249');
Insert into ORDERS (ID,AMOUNT,ORDER_DATE,CUSTOMER_ID,SALESMAN_ID) values ('511','937.08','12/17/2017','424','5510');
Insert into ORDERS (ID,AMOUNT,ORDER_DATE,CUSTOMER_ID,SALESMAN_ID) values ('512','1455.6','03/06/2018','577','5399');
Insert into ORDERS (ID,AMOUNT,ORDER_DATE,CUSTOMER_ID,SALESMAN_ID) values ('513','3246.36','01/14/2018','60','5458');
Insert into ORDERS (ID,AMOUNT,ORDER_DATE,CUSTOMER_ID,SALESMAN_ID) values ('514','1053.04','05/18/2017','880','5781');
Insert into ORDERS (ID,AMOUNT,ORDER_DATE,CUSTOMER_ID,SALESMAN_ID) values ('515','2439.74','01/16/2018','125','5184');
Insert into ORDERS (ID,AMOUNT,ORDER_DATE,CUSTOMER_ID,SALESMAN_ID) values ('516','2574.04','07/21/2017','130','5546');
Insert into ORDERS (ID,AMOUNT,ORDER_DATE,CUSTOMER_ID,SALESMAN_ID) values ('517','3934.73','12/12/2017','839','5939');
Insert into ORDERS (ID,AMOUNT,ORDER_DATE,CUSTOMER_ID,SALESMAN_ID) values ('518','3618.93','04/24/2018','997','5204');
Insert into ORDERS (ID,AMOUNT,ORDER_DATE,CUSTOMER_ID,SALESMAN_ID) values ('519','2441.75','06/24/2017','795','5650');
Insert into ORDERS (ID,AMOUNT,ORDER_DATE,CUSTOMER_ID,SALESMAN_ID) values ('520','3401.13','10/22/2017','839','5057');
Insert into ORDERS (ID,AMOUNT,ORDER_DATE,CUSTOMER_ID,SALESMAN_ID) values ('521','2500.35','07/07/2017','372','5445');
Insert into ORDERS (ID,AMOUNT,ORDER_DATE,CUSTOMER_ID,SALESMAN_ID) values ('522','3084.76','08/05/2017','448','5393');
Insert into ORDERS (ID,AMOUNT,ORDER_DATE,CUSTOMER_ID,SALESMAN_ID) values ('523','1573.83','04/17/2018','844','5270');
Insert into ORDERS (ID,AMOUNT,ORDER_DATE,CUSTOMER_ID,SALESMAN_ID) values ('524','2979.36','02/20/2018','265','5413');
Insert into ORDERS (ID,AMOUNT,ORDER_DATE,CUSTOMER_ID,SALESMAN_ID) values ('525','281.8','06/26/2017','648','5100');
Insert into ORDERS (ID,AMOUNT,ORDER_DATE,CUSTOMER_ID,SALESMAN_ID) values ('526','3916.35','08/29/2017','861','5561');
Insert into ORDERS (ID,AMOUNT,ORDER_DATE,CUSTOMER_ID,SALESMAN_ID) values ('527','548.21','07/25/2017','325','5081');
Insert into ORDERS (ID,AMOUNT,ORDER_DATE,CUSTOMER_ID,SALESMAN_ID) values ('528','2015.01','08/15/2017','653','5287');
Insert into ORDERS (ID,AMOUNT,ORDER_DATE,CUSTOMER_ID,SALESMAN_ID) values ('529','549.69','02/16/2018','686','5211');
Insert into ORDERS (ID,AMOUNT,ORDER_DATE,CUSTOMER_ID,SALESMAN_ID) values ('530','84.44','01/22/2018','504','5124');
Insert into ORDERS (ID,AMOUNT,ORDER_DATE,CUSTOMER_ID,SALESMAN_ID) values ('531','626.13','10/12/2017','663','5038');
Insert into ORDERS (ID,AMOUNT,ORDER_DATE,CUSTOMER_ID,SALESMAN_ID) values ('532','1570.1','11/27/2017','386','5252');
Insert into ORDERS (ID,AMOUNT,ORDER_DATE,CUSTOMER_ID,SALESMAN_ID) values ('533','1550.23','06/12/2017','221','5075');
Insert into ORDERS (ID,AMOUNT,ORDER_DATE,CUSTOMER_ID,SALESMAN_ID) values ('534','1312.28','12/01/2017','119','5721');
Insert into ORDERS (ID,AMOUNT,ORDER_DATE,CUSTOMER_ID,SALESMAN_ID) values ('535','3151.36','10/22/2017','22','5093');
Insert into ORDERS (ID,AMOUNT,ORDER_DATE,CUSTOMER_ID,SALESMAN_ID) values ('536','683.48','05/04/2017','739','5377');
Insert into ORDERS (ID,AMOUNT,ORDER_DATE,CUSTOMER_ID,SALESMAN_ID) values ('537','2738.67','09/01/2017','467','5174');
Insert into ORDERS (ID,AMOUNT,ORDER_DATE,CUSTOMER_ID,SALESMAN_ID) values ('538','251.84','05/22/2017','967','5318');
Insert into ORDERS (ID,AMOUNT,ORDER_DATE,CUSTOMER_ID,SALESMAN_ID) values ('539','1170.33','07/30/2017','415','5849');
Insert into ORDERS (ID,AMOUNT,ORDER_DATE,CUSTOMER_ID,SALESMAN_ID) values ('540','3049.97','06/10/2017','271','5992');
Insert into ORDERS (ID,AMOUNT,ORDER_DATE,CUSTOMER_ID,SALESMAN_ID) values ('541','1386.68','04/13/2018','223','5856');
Insert into ORDERS (ID,AMOUNT,ORDER_DATE,CUSTOMER_ID,SALESMAN_ID) values ('542','532.99','11/05/2017','433','5317');
Insert into ORDERS (ID,AMOUNT,ORDER_DATE,CUSTOMER_ID,SALESMAN_ID) values ('543','1702.03','09/10/2017','851','5210');
Insert into ORDERS (ID,AMOUNT,ORDER_DATE,CUSTOMER_ID,SALESMAN_ID) values ('544','367.52','04/26/2017','210','5882');
Insert into ORDERS (ID,AMOUNT,ORDER_DATE,CUSTOMER_ID,SALESMAN_ID) values ('545','2159.99','10/27/2017','39','5082');
Insert into ORDERS (ID,AMOUNT,ORDER_DATE,CUSTOMER_ID,SALESMAN_ID) values ('546','3451.45','01/14/2018','643','5433');
Insert into ORDERS (ID,AMOUNT,ORDER_DATE,CUSTOMER_ID,SALESMAN_ID) values ('547','1675.07','03/30/2018','111','5918');
Insert into ORDERS (ID,AMOUNT,ORDER_DATE,CUSTOMER_ID,SALESMAN_ID) values ('548','1523.79','10/07/2017','720','5638');
Insert into ORDERS (ID,AMOUNT,ORDER_DATE,CUSTOMER_ID,SALESMAN_ID) values ('549','3508.54','12/24/2017','636','5083');
Insert into ORDERS (ID,AMOUNT,ORDER_DATE,CUSTOMER_ID,SALESMAN_ID) values ('550','3908.9','10/16/2017','369','5536');
Insert into ORDERS (ID,AMOUNT,ORDER_DATE,CUSTOMER_ID,SALESMAN_ID) values ('551','313.39','12/04/2017','229','5986');
Insert into ORDERS (ID,AMOUNT,ORDER_DATE,CUSTOMER_ID,SALESMAN_ID) values ('552','2387.11','03/21/2018','296','5065');
Insert into ORDERS (ID,AMOUNT,ORDER_DATE,CUSTOMER_ID,SALESMAN_ID) values ('553','1452.18','09/06/2017','318','5544');
Insert into ORDERS (ID,AMOUNT,ORDER_DATE,CUSTOMER_ID,SALESMAN_ID) values ('554','3224.06','08/20/2017','864','5545');
Insert into ORDERS (ID,AMOUNT,ORDER_DATE,CUSTOMER_ID,SALESMAN_ID) values ('555','3015.96','04/06/2018','645','5469');
Insert into ORDERS (ID,AMOUNT,ORDER_DATE,CUSTOMER_ID,SALESMAN_ID) values ('556','2430.15','07/20/2017','661','5171');
Insert into ORDERS (ID,AMOUNT,ORDER_DATE,CUSTOMER_ID,SALESMAN_ID) values ('557','2440.17','10/18/2017','773','5297');
Insert into ORDERS (ID,AMOUNT,ORDER_DATE,CUSTOMER_ID,SALESMAN_ID) values ('558','1137.79','01/24/2018','100','5737');
Insert into ORDERS (ID,AMOUNT,ORDER_DATE,CUSTOMER_ID,SALESMAN_ID) values ('559','2448.97','05/09/2017','354','5458');
Insert into ORDERS (ID,AMOUNT,ORDER_DATE,CUSTOMER_ID,SALESMAN_ID) values ('560','2897.98','02/03/2018','542','5068');
Insert into ORDERS (ID,AMOUNT,ORDER_DATE,CUSTOMER_ID,SALESMAN_ID) values ('561','2213.41','01/17/2018','917','5856');
Insert into ORDERS (ID,AMOUNT,ORDER_DATE,CUSTOMER_ID,SALESMAN_ID) values ('562','2311.18','07/20/2017','640','5718');
Insert into ORDERS (ID,AMOUNT,ORDER_DATE,CUSTOMER_ID,SALESMAN_ID) values ('563','2400.35','08/28/2017','67','5154');
Insert into ORDERS (ID,AMOUNT,ORDER_DATE,CUSTOMER_ID,SALESMAN_ID) values ('564','1223.9','02/26/2018','76','5362');
Insert into ORDERS (ID,AMOUNT,ORDER_DATE,CUSTOMER_ID,SALESMAN_ID) values ('565','1868.43','08/16/2017','693','5132');
Insert into ORDERS (ID,AMOUNT,ORDER_DATE,CUSTOMER_ID,SALESMAN_ID) values ('566','2389.95','02/22/2018','1','5198');
Insert into ORDERS (ID,AMOUNT,ORDER_DATE,CUSTOMER_ID,SALESMAN_ID) values ('567','2491.77','08/21/2017','385','5936');
Insert into ORDERS (ID,AMOUNT,ORDER_DATE,CUSTOMER_ID,SALESMAN_ID) values ('568','3574.25','11/09/2017','403','5210');
Insert into ORDERS (ID,AMOUNT,ORDER_DATE,CUSTOMER_ID,SALESMAN_ID) values ('569','3152.36','10/31/2017','69','5496');
Insert into ORDERS (ID,AMOUNT,ORDER_DATE,CUSTOMER_ID,SALESMAN_ID) values ('570','1812.74','07/18/2017','481','5069');
Insert into ORDERS (ID,AMOUNT,ORDER_DATE,CUSTOMER_ID,SALESMAN_ID) values ('571','1075.92','01/17/2018','128','5352');
Insert into ORDERS (ID,AMOUNT,ORDER_DATE,CUSTOMER_ID,SALESMAN_ID) values ('572','77.55','08/13/2017','935','5950');
Insert into ORDERS (ID,AMOUNT,ORDER_DATE,CUSTOMER_ID,SALESMAN_ID) values ('573','1614.54','04/23/2018','953','5513');
Insert into ORDERS (ID,AMOUNT,ORDER_DATE,CUSTOMER_ID,SALESMAN_ID) values ('574','2533.78','02/20/2018','347','5527');
Insert into ORDERS (ID,AMOUNT,ORDER_DATE,CUSTOMER_ID,SALESMAN_ID) values ('575','2222.86','05/16/2017','335','5458');
Insert into ORDERS (ID,AMOUNT,ORDER_DATE,CUSTOMER_ID,SALESMAN_ID) values ('576','3355.22','02/03/2018','353','5245');
Insert into ORDERS (ID,AMOUNT,ORDER_DATE,CUSTOMER_ID,SALESMAN_ID) values ('577','2108.92','12/05/2017','753','5867');
Insert into ORDERS (ID,AMOUNT,ORDER_DATE,CUSTOMER_ID,SALESMAN_ID) values ('578','1355.99','10/09/2017','409','5538');
Insert into ORDERS (ID,AMOUNT,ORDER_DATE,CUSTOMER_ID,SALESMAN_ID) values ('579','1037.75','08/10/2017','509','5678');
Insert into ORDERS (ID,AMOUNT,ORDER_DATE,CUSTOMER_ID,SALESMAN_ID) values ('580','3940.49','12/26/2017','370','5595');
Insert into ORDERS (ID,AMOUNT,ORDER_DATE,CUSTOMER_ID,SALESMAN_ID) values ('581','477.49','04/13/2018','732','5184');
Insert into ORDERS (ID,AMOUNT,ORDER_DATE,CUSTOMER_ID,SALESMAN_ID) values ('582','3706.46','08/21/2017','591','5451');
Insert into ORDERS (ID,AMOUNT,ORDER_DATE,CUSTOMER_ID,SALESMAN_ID) values ('583','2425.15','11/25/2017','193','5238');
Insert into ORDERS (ID,AMOUNT,ORDER_DATE,CUSTOMER_ID,SALESMAN_ID) values ('584','3535.13','10/26/2017','708','5463');
Insert into ORDERS (ID,AMOUNT,ORDER_DATE,CUSTOMER_ID,SALESMAN_ID) values ('585','2730.94','07/11/2017','492','5616');
Insert into ORDERS (ID,AMOUNT,ORDER_DATE,CUSTOMER_ID,SALESMAN_ID) values ('586','3506.22','03/31/2018','856','5882');
Insert into ORDERS (ID,AMOUNT,ORDER_DATE,CUSTOMER_ID,SALESMAN_ID) values ('587','1223.56','02/12/2018','596','5751');
Insert into ORDERS (ID,AMOUNT,ORDER_DATE,CUSTOMER_ID,SALESMAN_ID) values ('588','536.41','01/25/2018','757','5502');
Insert into ORDERS (ID,AMOUNT,ORDER_DATE,CUSTOMER_ID,SALESMAN_ID) values ('589','3035.17','02/17/2018','775','5930');
Insert into ORDERS (ID,AMOUNT,ORDER_DATE,CUSTOMER_ID,SALESMAN_ID) values ('590','2657.26','05/12/2017','471','5240');
Insert into ORDERS (ID,AMOUNT,ORDER_DATE,CUSTOMER_ID,SALESMAN_ID) values ('591','3500.34','02/20/2018','813','5397');
Insert into ORDERS (ID,AMOUNT,ORDER_DATE,CUSTOMER_ID,SALESMAN_ID) values ('592','1813.78','05/16/2017','562','5721');
Insert into ORDERS (ID,AMOUNT,ORDER_DATE,CUSTOMER_ID,SALESMAN_ID) values ('593','1217.24','08/13/2017','77','6000');
Insert into ORDERS (ID,AMOUNT,ORDER_DATE,CUSTOMER_ID,SALESMAN_ID) values ('594','578.55','12/26/2017','112','5356');
Insert into ORDERS (ID,AMOUNT,ORDER_DATE,CUSTOMER_ID,SALESMAN_ID) values ('595','3877.56','11/16/2017','636','5072');
Insert into ORDERS (ID,AMOUNT,ORDER_DATE,CUSTOMER_ID,SALESMAN_ID) values ('596','1223.1','10/11/2017','173','5345');
Insert into ORDERS (ID,AMOUNT,ORDER_DATE,CUSTOMER_ID,SALESMAN_ID) values ('597','244.08','10/27/2017','514','5605');
Insert into ORDERS (ID,AMOUNT,ORDER_DATE,CUSTOMER_ID,SALESMAN_ID) values ('598','993.49','04/27/2017','822','5668');
Insert into ORDERS (ID,AMOUNT,ORDER_DATE,CUSTOMER_ID,SALESMAN_ID) values ('599','152.27','02/08/2018','821','5057');
Insert into ORDERS (ID,AMOUNT,ORDER_DATE,CUSTOMER_ID,SALESMAN_ID) values ('600','167.09','11/16/2017','693','5823');
Insert into ORDERS (ID,AMOUNT,ORDER_DATE,CUSTOMER_ID,SALESMAN_ID) values ('1','2007.72','10/13/2017','245','5590');
Insert into ORDERS (ID,AMOUNT,ORDER_DATE,CUSTOMER_ID,SALESMAN_ID) values ('2','2275.91','01/06/2018','782','5864');
Insert into ORDERS (ID,AMOUNT,ORDER_DATE,CUSTOMER_ID,SALESMAN_ID) values ('3','2368.93','10/04/2017','677','5306');
Insert into ORDERS (ID,AMOUNT,ORDER_DATE,CUSTOMER_ID,SALESMAN_ID) values ('4','1010.13','07/07/2017','573','5274');
Insert into ORDERS (ID,AMOUNT,ORDER_DATE,CUSTOMER_ID,SALESMAN_ID) values ('5','986.05','03/20/2018','520','5417');
Insert into ORDERS (ID,AMOUNT,ORDER_DATE,CUSTOMER_ID,SALESMAN_ID) values ('6','2593.23','09/03/2017','611','5534');
Insert into ORDERS (ID,AMOUNT,ORDER_DATE,CUSTOMER_ID,SALESMAN_ID) values ('7','2484.32','11/13/2017','65','5888');
Insert into ORDERS (ID,AMOUNT,ORDER_DATE,CUSTOMER_ID,SALESMAN_ID) values ('8','124.59','04/22/2018','899','5065');
Insert into ORDERS (ID,AMOUNT,ORDER_DATE,CUSTOMER_ID,SALESMAN_ID) values ('9','2683.41','12/21/2017','54','5770');
Insert into ORDERS (ID,AMOUNT,ORDER_DATE,CUSTOMER_ID,SALESMAN_ID) values ('10','104.29','12/15/2017','175','5095');
Insert into ORDERS (ID,AMOUNT,ORDER_DATE,CUSTOMER_ID,SALESMAN_ID) values ('11','866.77','03/19/2018','477','5217');
Insert into ORDERS (ID,AMOUNT,ORDER_DATE,CUSTOMER_ID,SALESMAN_ID) values ('12','3710.15','03/27/2018','243','5420');
Insert into ORDERS (ID,AMOUNT,ORDER_DATE,CUSTOMER_ID,SALESMAN_ID) values ('13','3399.17','09/20/2017','800','5705');
Insert into ORDERS (ID,AMOUNT,ORDER_DATE,CUSTOMER_ID,SALESMAN_ID) values ('14','1132.21','03/08/2018','228','5499');
Insert into ORDERS (ID,AMOUNT,ORDER_DATE,CUSTOMER_ID,SALESMAN_ID) values ('15','3769.59','12/13/2017','12','5096');
Insert into ORDERS (ID,AMOUNT,ORDER_DATE,CUSTOMER_ID,SALESMAN_ID) values ('16','661.88','08/17/2017','529','5752');
Insert into ORDERS (ID,AMOUNT,ORDER_DATE,CUSTOMER_ID,SALESMAN_ID) values ('17','1743.43','10/27/2017','93','5267');
Insert into ORDERS (ID,AMOUNT,ORDER_DATE,CUSTOMER_ID,SALESMAN_ID) values ('18','1867.49','12/23/2017','709','5317');
Insert into ORDERS (ID,AMOUNT,ORDER_DATE,CUSTOMER_ID,SALESMAN_ID) values ('19','3320.43','04/21/2018','497','5800');
Insert into ORDERS (ID,AMOUNT,ORDER_DATE,CUSTOMER_ID,SALESMAN_ID) values ('20','1671.53','12/10/2017','580','5761');
Insert into ORDERS (ID,AMOUNT,ORDER_DATE,CUSTOMER_ID,SALESMAN_ID) values ('21','3040.23','01/24/2018','798','5912');
Insert into ORDERS (ID,AMOUNT,ORDER_DATE,CUSTOMER_ID,SALESMAN_ID) values ('22','3945.76','03/29/2018','184','5518');
Insert into ORDERS (ID,AMOUNT,ORDER_DATE,CUSTOMER_ID,SALESMAN_ID) values ('23','3279.61','02/19/2018','718','5500');
Insert into ORDERS (ID,AMOUNT,ORDER_DATE,CUSTOMER_ID,SALESMAN_ID) values ('24','928.15','12/09/2017','421','5211');
Insert into ORDERS (ID,AMOUNT,ORDER_DATE,CUSTOMER_ID,SALESMAN_ID) values ('25','3613.56','08/03/2017','756','5608');
Insert into ORDERS (ID,AMOUNT,ORDER_DATE,CUSTOMER_ID,SALESMAN_ID) values ('26','57.66','11/03/2017','484','5369');
Insert into ORDERS (ID,AMOUNT,ORDER_DATE,CUSTOMER_ID,SALESMAN_ID) values ('27','2299.96','04/26/2017','766','5638');
Insert into ORDERS (ID,AMOUNT,ORDER_DATE,CUSTOMER_ID,SALESMAN_ID) values ('28','868.97','05/23/2017','493','5221');
Insert into ORDERS (ID,AMOUNT,ORDER_DATE,CUSTOMER_ID,SALESMAN_ID) values ('29','2973.43','02/07/2018','432','5644');
Insert into ORDERS (ID,AMOUNT,ORDER_DATE,CUSTOMER_ID,SALESMAN_ID) values ('30','3921.0','11/01/2017','832','5145');
Insert into ORDERS (ID,AMOUNT,ORDER_DATE,CUSTOMER_ID,SALESMAN_ID) values ('31','2320.48','04/20/2018','445','5780');
Insert into ORDERS (ID,AMOUNT,ORDER_DATE,CUSTOMER_ID,SALESMAN_ID) values ('32','185.17','03/26/2018','446','5741');
Insert into ORDERS (ID,AMOUNT,ORDER_DATE,CUSTOMER_ID,SALESMAN_ID) values ('33','1502.01','06/16/2017','112','5162');
Insert into ORDERS (ID,AMOUNT,ORDER_DATE,CUSTOMER_ID,SALESMAN_ID) values ('34','2354.94','07/03/2017','940','5584');
Insert into ORDERS (ID,AMOUNT,ORDER_DATE,CUSTOMER_ID,SALESMAN_ID) values ('35','113.51','10/08/2017','983','5304');
Insert into ORDERS (ID,AMOUNT,ORDER_DATE,CUSTOMER_ID,SALESMAN_ID) values ('36','2460.32','06/25/2017','498','5860');
Insert into ORDERS (ID,AMOUNT,ORDER_DATE,CUSTOMER_ID,SALESMAN_ID) values ('37','2406.57','10/29/2017','320','5773');
Insert into ORDERS (ID,AMOUNT,ORDER_DATE,CUSTOMER_ID,SALESMAN_ID) values ('38','562.04','08/01/2017','160','5497');
Insert into ORDERS (ID,AMOUNT,ORDER_DATE,CUSTOMER_ID,SALESMAN_ID) values ('39','742.11','07/06/2017','402','5282');
Insert into ORDERS (ID,AMOUNT,ORDER_DATE,CUSTOMER_ID,SALESMAN_ID) values ('40','2253.01','01/05/2018','124','5173');
Insert into ORDERS (ID,AMOUNT,ORDER_DATE,CUSTOMER_ID,SALESMAN_ID) values ('41','2818.33','08/15/2017','93','5063');
Insert into ORDERS (ID,AMOUNT,ORDER_DATE,CUSTOMER_ID,SALESMAN_ID) values ('42','1642.56','06/17/2017','989','5931');
Insert into ORDERS (ID,AMOUNT,ORDER_DATE,CUSTOMER_ID,SALESMAN_ID) values ('43','2770.24','04/12/2018','450','5065');
Insert into ORDERS (ID,AMOUNT,ORDER_DATE,CUSTOMER_ID,SALESMAN_ID) values ('44','188.66','07/02/2017','993','5819');
Insert into ORDERS (ID,AMOUNT,ORDER_DATE,CUSTOMER_ID,SALESMAN_ID) values ('45','1009.5','05/17/2017','537','5424');
Insert into ORDERS (ID,AMOUNT,ORDER_DATE,CUSTOMER_ID,SALESMAN_ID) values ('46','2058.31','10/21/2017','432','5886');
Insert into ORDERS (ID,AMOUNT,ORDER_DATE,CUSTOMER_ID,SALESMAN_ID) values ('47','2938.91','04/17/2018','563','5574');
Insert into ORDERS (ID,AMOUNT,ORDER_DATE,CUSTOMER_ID,SALESMAN_ID) values ('48','849.59','01/20/2018','940','5831');
Insert into ORDERS (ID,AMOUNT,ORDER_DATE,CUSTOMER_ID,SALESMAN_ID) values ('49','1513.74','07/24/2017','414','5933');
Insert into ORDERS (ID,AMOUNT,ORDER_DATE,CUSTOMER_ID,SALESMAN_ID) values ('50','3327.45','01/11/2018','752','5510');
Insert into ORDERS (ID,AMOUNT,ORDER_DATE,CUSTOMER_ID,SALESMAN_ID) values ('51','196.47','04/05/2018','836','5348');
Insert into ORDERS (ID,AMOUNT,ORDER_DATE,CUSTOMER_ID,SALESMAN_ID) values ('52','3433.55','04/21/2018','380','5440');
Insert into ORDERS (ID,AMOUNT,ORDER_DATE,CUSTOMER_ID,SALESMAN_ID) values ('53','2956.96','06/16/2017','40','5363');
Insert into ORDERS (ID,AMOUNT,ORDER_DATE,CUSTOMER_ID,SALESMAN_ID) values ('54','3794.22','08/27/2017','252','5819');
Insert into ORDERS (ID,AMOUNT,ORDER_DATE,CUSTOMER_ID,SALESMAN_ID) values ('55','2849.38','01/18/2018','102','5060');
Insert into ORDERS (ID,AMOUNT,ORDER_DATE,CUSTOMER_ID,SALESMAN_ID) values ('56','713.43','05/04/2017','739','5023');
Insert into ORDERS (ID,AMOUNT,ORDER_DATE,CUSTOMER_ID,SALESMAN_ID) values ('57','1942.65','09/17/2017','855','5543');
Insert into ORDERS (ID,AMOUNT,ORDER_DATE,CUSTOMER_ID,SALESMAN_ID) values ('58','95.0','01/24/2018','207','5343');
Insert into ORDERS (ID,AMOUNT,ORDER_DATE,CUSTOMER_ID,SALESMAN_ID) values ('59','1863.61','03/19/2018','713','5885');
Insert into ORDERS (ID,AMOUNT,ORDER_DATE,CUSTOMER_ID,SALESMAN_ID) values ('60','820.23','03/27/2018','274','5710');
Insert into ORDERS (ID,AMOUNT,ORDER_DATE,CUSTOMER_ID,SALESMAN_ID) values ('61','628.11','04/28/2017','242','5295');
Insert into ORDERS (ID,AMOUNT,ORDER_DATE,CUSTOMER_ID,SALESMAN_ID) values ('62','723.41','06/20/2017','801','5974');
Insert into ORDERS (ID,AMOUNT,ORDER_DATE,CUSTOMER_ID,SALESMAN_ID) values ('63','1486.05','06/29/2017','932','5220');
Insert into ORDERS (ID,AMOUNT,ORDER_DATE,CUSTOMER_ID,SALESMAN_ID) values ('64','243.28','12/13/2017','990','5168');
Insert into ORDERS (ID,AMOUNT,ORDER_DATE,CUSTOMER_ID,SALESMAN_ID) values ('65','1516.41','05/30/2017','7','5868');
Insert into ORDERS (ID,AMOUNT,ORDER_DATE,CUSTOMER_ID,SALESMAN_ID) values ('66','532.59','05/31/2017','515','5468');
Insert into ORDERS (ID,AMOUNT,ORDER_DATE,CUSTOMER_ID,SALESMAN_ID) values ('67','647.54','04/12/2018','515','5654');
Insert into ORDERS (ID,AMOUNT,ORDER_DATE,CUSTOMER_ID,SALESMAN_ID) values ('68','3434.27','01/06/2018','838','5890');
Insert into ORDERS (ID,AMOUNT,ORDER_DATE,CUSTOMER_ID,SALESMAN_ID) values ('69','1725.57','08/10/2017','419','5754');
Insert into ORDERS (ID,AMOUNT,ORDER_DATE,CUSTOMER_ID,SALESMAN_ID) values ('70','2583.18','02/15/2018','887','5122');
Insert into ORDERS (ID,AMOUNT,ORDER_DATE,CUSTOMER_ID,SALESMAN_ID) values ('71','2925.4','04/27/2017','78','5886');
Insert into ORDERS (ID,AMOUNT,ORDER_DATE,CUSTOMER_ID,SALESMAN_ID) values ('72','344.05','07/31/2017','783','5226');
Insert into ORDERS (ID,AMOUNT,ORDER_DATE,CUSTOMER_ID,SALESMAN_ID) values ('73','3562.95','05/07/2017','672','5395');
Insert into ORDERS (ID,AMOUNT,ORDER_DATE,CUSTOMER_ID,SALESMAN_ID) values ('74','3861.65','11/29/2017','877','5500');
Insert into ORDERS (ID,AMOUNT,ORDER_DATE,CUSTOMER_ID,SALESMAN_ID) values ('75','2043.66','07/31/2017','581','5217');
Insert into ORDERS (ID,AMOUNT,ORDER_DATE,CUSTOMER_ID,SALESMAN_ID) values ('76','3787.09','12/24/2017','685','5217');
Insert into ORDERS (ID,AMOUNT,ORDER_DATE,CUSTOMER_ID,SALESMAN_ID) values ('77','3316.41','09/03/2017','329','5154');
Insert into ORDERS (ID,AMOUNT,ORDER_DATE,CUSTOMER_ID,SALESMAN_ID) values ('78','2310.01','03/28/2018','345','5902');
Insert into ORDERS (ID,AMOUNT,ORDER_DATE,CUSTOMER_ID,SALESMAN_ID) values ('79','3292.46','12/28/2017','347','5790');
Insert into ORDERS (ID,AMOUNT,ORDER_DATE,CUSTOMER_ID,SALESMAN_ID) values ('80','3179.57','03/02/2018','806','5505');
Insert into ORDERS (ID,AMOUNT,ORDER_DATE,CUSTOMER_ID,SALESMAN_ID) values ('81','2736.98','11/30/2017','685','5892');
Insert into ORDERS (ID,AMOUNT,ORDER_DATE,CUSTOMER_ID,SALESMAN_ID) values ('82','508.29','01/13/2018','419','5961');
Insert into ORDERS (ID,AMOUNT,ORDER_DATE,CUSTOMER_ID,SALESMAN_ID) values ('83','1043.08','11/29/2017','311','5639');
Insert into ORDERS (ID,AMOUNT,ORDER_DATE,CUSTOMER_ID,SALESMAN_ID) values ('84','1696.34','01/06/2018','730','5681');
Insert into ORDERS (ID,AMOUNT,ORDER_DATE,CUSTOMER_ID,SALESMAN_ID) values ('85','2528.01','03/16/2018','563','5666');
Insert into ORDERS (ID,AMOUNT,ORDER_DATE,CUSTOMER_ID,SALESMAN_ID) values ('86','1599.29','06/11/2017','56','5210');
Insert into ORDERS (ID,AMOUNT,ORDER_DATE,CUSTOMER_ID,SALESMAN_ID) values ('87','3740.56','03/24/2018','153','5389');
Insert into ORDERS (ID,AMOUNT,ORDER_DATE,CUSTOMER_ID,SALESMAN_ID) values ('88','3204.56','10/13/2017','307','5766');
Insert into ORDERS (ID,AMOUNT,ORDER_DATE,CUSTOMER_ID,SALESMAN_ID) values ('89','1701.78','12/30/2017','560','5873');
Insert into ORDERS (ID,AMOUNT,ORDER_DATE,CUSTOMER_ID,SALESMAN_ID) values ('90','1881.93','03/31/2018','259','5195');
Insert into ORDERS (ID,AMOUNT,ORDER_DATE,CUSTOMER_ID,SALESMAN_ID) values ('91','846.7','04/22/2018','347','5840');
Insert into ORDERS (ID,AMOUNT,ORDER_DATE,CUSTOMER_ID,SALESMAN_ID) values ('92','104.2','12/30/2017','994','5683');
Insert into ORDERS (ID,AMOUNT,ORDER_DATE,CUSTOMER_ID,SALESMAN_ID) values ('93','2416.58','09/10/2017','556','5216');
Insert into ORDERS (ID,AMOUNT,ORDER_DATE,CUSTOMER_ID,SALESMAN_ID) values ('94','975.88','03/27/2018','274','5994');
Insert into ORDERS (ID,AMOUNT,ORDER_DATE,CUSTOMER_ID,SALESMAN_ID) values ('95','3240.41','04/19/2018','467','5767');
Insert into ORDERS (ID,AMOUNT,ORDER_DATE,CUSTOMER_ID,SALESMAN_ID) values ('96','254.72','12/08/2017','295','5826');
Insert into ORDERS (ID,AMOUNT,ORDER_DATE,CUSTOMER_ID,SALESMAN_ID) values ('97','3004.29','01/22/2018','635','5736');
Insert into ORDERS (ID,AMOUNT,ORDER_DATE,CUSTOMER_ID,SALESMAN_ID) values ('98','2327.81','05/20/2017','857','5658');
Insert into ORDERS (ID,AMOUNT,ORDER_DATE,CUSTOMER_ID,SALESMAN_ID) values ('99','2876.74','01/22/2018','871','5529');
Insert into ORDERS (ID,AMOUNT,ORDER_DATE,CUSTOMER_ID,SALESMAN_ID) values ('100','1426.48','01/06/2018','301','5986');
Insert into ORDERS (ID,AMOUNT,ORDER_DATE,CUSTOMER_ID,SALESMAN_ID) values ('101','559.58','05/30/2017','580','5639');
Insert into ORDERS (ID,AMOUNT,ORDER_DATE,CUSTOMER_ID,SALESMAN_ID) values ('102','3814.96','06/02/2017','442','5662');
Insert into ORDERS (ID,AMOUNT,ORDER_DATE,CUSTOMER_ID,SALESMAN_ID) values ('103','2894.01','11/02/2017','686','5361');
Insert into ORDERS (ID,AMOUNT,ORDER_DATE,CUSTOMER_ID,SALESMAN_ID) values ('104','163.32','09/27/2017','476','5250');
Insert into ORDERS (ID,AMOUNT,ORDER_DATE,CUSTOMER_ID,SALESMAN_ID) values ('105','2949.21','02/21/2018','33','5964');
Insert into ORDERS (ID,AMOUNT,ORDER_DATE,CUSTOMER_ID,SALESMAN_ID) values ('106','943.17','12/29/2017','717','5551');
Insert into ORDERS (ID,AMOUNT,ORDER_DATE,CUSTOMER_ID,SALESMAN_ID) values ('107','3171.55','08/17/2017','623','5116');
Insert into ORDERS (ID,AMOUNT,ORDER_DATE,CUSTOMER_ID,SALESMAN_ID) values ('108','3979.98','12/23/2017','586','5311');
Insert into ORDERS (ID,AMOUNT,ORDER_DATE,CUSTOMER_ID,SALESMAN_ID) values ('109','1104.5','10/12/2017','10','5579');
Insert into ORDERS (ID,AMOUNT,ORDER_DATE,CUSTOMER_ID,SALESMAN_ID) values ('110','723.96','11/28/2017','261','5993');
Insert into ORDERS (ID,AMOUNT,ORDER_DATE,CUSTOMER_ID,SALESMAN_ID) values ('111','867.33','12/03/2017','304','5340');
Insert into ORDERS (ID,AMOUNT,ORDER_DATE,CUSTOMER_ID,SALESMAN_ID) values ('112','489.09','07/09/2017','989','5302');
Insert into ORDERS (ID,AMOUNT,ORDER_DATE,CUSTOMER_ID,SALESMAN_ID) values ('113','2993.39','08/30/2017','940','5578');
Insert into ORDERS (ID,AMOUNT,ORDER_DATE,CUSTOMER_ID,SALESMAN_ID) values ('114','1319.33','07/10/2017','682','5104');
Insert into ORDERS (ID,AMOUNT,ORDER_DATE,CUSTOMER_ID,SALESMAN_ID) values ('115','744.92','04/07/2018','580','5720');
Insert into ORDERS (ID,AMOUNT,ORDER_DATE,CUSTOMER_ID,SALESMAN_ID) values ('116','853.71','09/05/2017','216','5234');
Insert into ORDERS (ID,AMOUNT,ORDER_DATE,CUSTOMER_ID,SALESMAN_ID) values ('117','898.93','03/30/2018','743','5589');
Insert into ORDERS (ID,AMOUNT,ORDER_DATE,CUSTOMER_ID,SALESMAN_ID) values ('118','2677.17','01/18/2018','192','5680');
Insert into ORDERS (ID,AMOUNT,ORDER_DATE,CUSTOMER_ID,SALESMAN_ID) values ('119','2432.78','01/24/2018','646','5358');
Insert into ORDERS (ID,AMOUNT,ORDER_DATE,CUSTOMER_ID,SALESMAN_ID) values ('120','263.36','06/03/2017','54','5008');
Insert into ORDERS (ID,AMOUNT,ORDER_DATE,CUSTOMER_ID,SALESMAN_ID) values ('121','3023.37','01/21/2018','790','5258');
Insert into ORDERS (ID,AMOUNT,ORDER_DATE,CUSTOMER_ID,SALESMAN_ID) values ('122','683.8','07/13/2017','94','5888');
Insert into ORDERS (ID,AMOUNT,ORDER_DATE,CUSTOMER_ID,SALESMAN_ID) values ('123','702.62','11/13/2017','881','5071');
Insert into ORDERS (ID,AMOUNT,ORDER_DATE,CUSTOMER_ID,SALESMAN_ID) values ('124','3939.79','01/25/2018','113','5117');
Insert into ORDERS (ID,AMOUNT,ORDER_DATE,CUSTOMER_ID,SALESMAN_ID) values ('125','520.08','07/16/2017','268','5043');
Insert into ORDERS (ID,AMOUNT,ORDER_DATE,CUSTOMER_ID,SALESMAN_ID) values ('126','1026.31','03/24/2018','237','5883');
Insert into ORDERS (ID,AMOUNT,ORDER_DATE,CUSTOMER_ID,SALESMAN_ID) values ('127','3066.9','08/11/2017','117','5801');
Insert into ORDERS (ID,AMOUNT,ORDER_DATE,CUSTOMER_ID,SALESMAN_ID) values ('128','1086.98','11/16/2017','504','5349');
Insert into ORDERS (ID,AMOUNT,ORDER_DATE,CUSTOMER_ID,SALESMAN_ID) values ('129','2264.15','01/21/2018','591','5863');
Insert into ORDERS (ID,AMOUNT,ORDER_DATE,CUSTOMER_ID,SALESMAN_ID) values ('130','1419.88','02/21/2018','647','5025');
Insert into ORDERS (ID,AMOUNT,ORDER_DATE,CUSTOMER_ID,SALESMAN_ID) values ('131','477.5','09/22/2017','615','5376');
Insert into ORDERS (ID,AMOUNT,ORDER_DATE,CUSTOMER_ID,SALESMAN_ID) values ('132','3905.69','02/10/2018','439','5619');
Insert into ORDERS (ID,AMOUNT,ORDER_DATE,CUSTOMER_ID,SALESMAN_ID) values ('133','3174.79','09/29/2017','105','5930');
Insert into ORDERS (ID,AMOUNT,ORDER_DATE,CUSTOMER_ID,SALESMAN_ID) values ('134','2651.99','11/30/2017','323','5034');
Insert into ORDERS (ID,AMOUNT,ORDER_DATE,CUSTOMER_ID,SALESMAN_ID) values ('135','2756.13','02/01/2018','217','5227');
Insert into ORDERS (ID,AMOUNT,ORDER_DATE,CUSTOMER_ID,SALESMAN_ID) values ('136','2599.13','09/19/2017','583','5463');
Insert into ORDERS (ID,AMOUNT,ORDER_DATE,CUSTOMER_ID,SALESMAN_ID) values ('137','63.27','07/12/2017','189','5560');
Insert into ORDERS (ID,AMOUNT,ORDER_DATE,CUSTOMER_ID,SALESMAN_ID) values ('138','2507.08','09/14/2017','336','5030');
Insert into ORDERS (ID,AMOUNT,ORDER_DATE,CUSTOMER_ID,SALESMAN_ID) values ('139','1491.41','07/10/2017','299','5212');
Insert into ORDERS (ID,AMOUNT,ORDER_DATE,CUSTOMER_ID,SALESMAN_ID) values ('140','1730.22','04/02/2018','712','5226');
Insert into ORDERS (ID,AMOUNT,ORDER_DATE,CUSTOMER_ID,SALESMAN_ID) values ('141','199.04','12/06/2017','18','5953');
Insert into ORDERS (ID,AMOUNT,ORDER_DATE,CUSTOMER_ID,SALESMAN_ID) values ('142','1715.92','02/26/2018','772','5143');
Insert into ORDERS (ID,AMOUNT,ORDER_DATE,CUSTOMER_ID,SALESMAN_ID) values ('143','1736.96','07/03/2017','306','5894');
Insert into ORDERS (ID,AMOUNT,ORDER_DATE,CUSTOMER_ID,SALESMAN_ID) values ('144','1392.96','10/03/2017','515','5181');
Insert into ORDERS (ID,AMOUNT,ORDER_DATE,CUSTOMER_ID,SALESMAN_ID) values ('145','2294.34','10/21/2017','117','5475');
Insert into ORDERS (ID,AMOUNT,ORDER_DATE,CUSTOMER_ID,SALESMAN_ID) values ('146','3851.95','12/31/2017','809','5997');
Insert into ORDERS (ID,AMOUNT,ORDER_DATE,CUSTOMER_ID,SALESMAN_ID) values ('147','344.01','07/07/2017','416','5176');
Insert into ORDERS (ID,AMOUNT,ORDER_DATE,CUSTOMER_ID,SALESMAN_ID) values ('148','670.96','03/04/2018','216','5194');
Insert into ORDERS (ID,AMOUNT,ORDER_DATE,CUSTOMER_ID,SALESMAN_ID) values ('149','1071.94','10/09/2017','142','5410');
Insert into ORDERS (ID,AMOUNT,ORDER_DATE,CUSTOMER_ID,SALESMAN_ID) values ('150','2874.48','05/11/2017','618','5538');
Insert into ORDERS (ID,AMOUNT,ORDER_DATE,CUSTOMER_ID,SALESMAN_ID) values ('151','1059.26','03/23/2018','890','5300');
Insert into ORDERS (ID,AMOUNT,ORDER_DATE,CUSTOMER_ID,SALESMAN_ID) values ('152','153.85','05/24/2017','406','5378');
Insert into ORDERS (ID,AMOUNT,ORDER_DATE,CUSTOMER_ID,SALESMAN_ID) values ('153','2206.53','05/01/2017','609','5653');
Insert into ORDERS (ID,AMOUNT,ORDER_DATE,CUSTOMER_ID,SALESMAN_ID) values ('154','410.51','01/06/2018','95','5284');
Insert into ORDERS (ID,AMOUNT,ORDER_DATE,CUSTOMER_ID,SALESMAN_ID) values ('155','2912.44','10/18/2017','463','5630');
Insert into ORDERS (ID,AMOUNT,ORDER_DATE,CUSTOMER_ID,SALESMAN_ID) values ('156','3682.97','06/02/2017','532','5923');
Insert into ORDERS (ID,AMOUNT,ORDER_DATE,CUSTOMER_ID,SALESMAN_ID) values ('157','373.34','11/01/2017','456','5312');
Insert into ORDERS (ID,AMOUNT,ORDER_DATE,CUSTOMER_ID,SALESMAN_ID) values ('158','2829.67','03/19/2018','170','5105');
Insert into ORDERS (ID,AMOUNT,ORDER_DATE,CUSTOMER_ID,SALESMAN_ID) values ('159','2992.15','12/06/2017','857','5342');
Insert into ORDERS (ID,AMOUNT,ORDER_DATE,CUSTOMER_ID,SALESMAN_ID) values ('160','2473.18','06/29/2017','19','5029');
Insert into ORDERS (ID,AMOUNT,ORDER_DATE,CUSTOMER_ID,SALESMAN_ID) values ('161','1986.43','03/15/2018','541','5837');
Insert into ORDERS (ID,AMOUNT,ORDER_DATE,CUSTOMER_ID,SALESMAN_ID) values ('162','2918.01','06/07/2017','97','5032');
Insert into ORDERS (ID,AMOUNT,ORDER_DATE,CUSTOMER_ID,SALESMAN_ID) values ('163','1378.59','06/07/2017','268','5347');
Insert into ORDERS (ID,AMOUNT,ORDER_DATE,CUSTOMER_ID,SALESMAN_ID) values ('164','383.51','07/21/2017','941','5011');
Insert into ORDERS (ID,AMOUNT,ORDER_DATE,CUSTOMER_ID,SALESMAN_ID) values ('165','314.41','06/28/2017','817','5771');
Insert into ORDERS (ID,AMOUNT,ORDER_DATE,CUSTOMER_ID,SALESMAN_ID) values ('166','181.98','12/28/2017','747','5665');
Insert into ORDERS (ID,AMOUNT,ORDER_DATE,CUSTOMER_ID,SALESMAN_ID) values ('167','1169.05','01/17/2018','792','5631');
Insert into ORDERS (ID,AMOUNT,ORDER_DATE,CUSTOMER_ID,SALESMAN_ID) values ('168','300.34','08/09/2017','3','5554');
Insert into ORDERS (ID,AMOUNT,ORDER_DATE,CUSTOMER_ID,SALESMAN_ID) values ('169','677.58','09/04/2017','193','5014');
Insert into ORDERS (ID,AMOUNT,ORDER_DATE,CUSTOMER_ID,SALESMAN_ID) values ('170','1316.45','11/11/2017','241','5209');
Insert into ORDERS (ID,AMOUNT,ORDER_DATE,CUSTOMER_ID,SALESMAN_ID) values ('171','1181.89','09/21/2017','360','5326');
Insert into ORDERS (ID,AMOUNT,ORDER_DATE,CUSTOMER_ID,SALESMAN_ID) values ('172','1933.53','01/11/2018','974','5433');
Insert into ORDERS (ID,AMOUNT,ORDER_DATE,CUSTOMER_ID,SALESMAN_ID) values ('173','522.15','08/05/2017','470','5866');
Insert into ORDERS (ID,AMOUNT,ORDER_DATE,CUSTOMER_ID,SALESMAN_ID) values ('174','3801.67','09/28/2017','426','5134');
Insert into ORDERS (ID,AMOUNT,ORDER_DATE,CUSTOMER_ID,SALESMAN_ID) values ('175','686.72','10/16/2017','769','5196');
Insert into ORDERS (ID,AMOUNT,ORDER_DATE,CUSTOMER_ID,SALESMAN_ID) values ('176','585.15','06/26/2017','773','5962');
Insert into ORDERS (ID,AMOUNT,ORDER_DATE,CUSTOMER_ID,SALESMAN_ID) values ('177','1529.31','11/10/2017','315','5708');
Insert into ORDERS (ID,AMOUNT,ORDER_DATE,CUSTOMER_ID,SALESMAN_ID) values ('178','847.61','02/04/2018','449','5806');
Insert into ORDERS (ID,AMOUNT,ORDER_DATE,CUSTOMER_ID,SALESMAN_ID) values ('179','885.7','02/06/2018','923','5953');
Insert into ORDERS (ID,AMOUNT,ORDER_DATE,CUSTOMER_ID,SALESMAN_ID) values ('180','1683.75','12/26/2017','72','5393');
Insert into ORDERS (ID,AMOUNT,ORDER_DATE,CUSTOMER_ID,SALESMAN_ID) values ('181','3943.83','05/08/2017','487','5909');
Insert into ORDERS (ID,AMOUNT,ORDER_DATE,CUSTOMER_ID,SALESMAN_ID) values ('182','1694.89','04/02/2018','490','5898');
Insert into ORDERS (ID,AMOUNT,ORDER_DATE,CUSTOMER_ID,SALESMAN_ID) values ('183','2781.59','09/19/2017','546','5768');
Insert into ORDERS (ID,AMOUNT,ORDER_DATE,CUSTOMER_ID,SALESMAN_ID) values ('184','795.92','05/08/2017','362','5151');
Insert into ORDERS (ID,AMOUNT,ORDER_DATE,CUSTOMER_ID,SALESMAN_ID) values ('185','2979.95','05/18/2017','830','5823');
Insert into ORDERS (ID,AMOUNT,ORDER_DATE,CUSTOMER_ID,SALESMAN_ID) values ('186','3800.34','04/19/2018','520','5824');
Insert into ORDERS (ID,AMOUNT,ORDER_DATE,CUSTOMER_ID,SALESMAN_ID) values ('187','3508.46','06/06/2017','280','5199');
Insert into ORDERS (ID,AMOUNT,ORDER_DATE,CUSTOMER_ID,SALESMAN_ID) values ('188','3178.1','03/29/2018','134','5479');
Insert into ORDERS (ID,AMOUNT,ORDER_DATE,CUSTOMER_ID,SALESMAN_ID) values ('189','3562.6','01/12/2018','303','5514');
Insert into ORDERS (ID,AMOUNT,ORDER_DATE,CUSTOMER_ID,SALESMAN_ID) values ('190','3205.98','12/10/2017','310','5521');
Insert into ORDERS (ID,AMOUNT,ORDER_DATE,CUSTOMER_ID,SALESMAN_ID) values ('191','2684.72','04/20/2018','421','5058');
Insert into ORDERS (ID,AMOUNT,ORDER_DATE,CUSTOMER_ID,SALESMAN_ID) values ('192','3987.36','06/18/2017','765','5812');
Insert into ORDERS (ID,AMOUNT,ORDER_DATE,CUSTOMER_ID,SALESMAN_ID) values ('193','3174.58','10/10/2017','902','5654');
Insert into ORDERS (ID,AMOUNT,ORDER_DATE,CUSTOMER_ID,SALESMAN_ID) values ('194','3364.35','05/17/2017','293','5242');
Insert into ORDERS (ID,AMOUNT,ORDER_DATE,CUSTOMER_ID,SALESMAN_ID) values ('195','1829.93','02/26/2018','512','5958');
Insert into ORDERS (ID,AMOUNT,ORDER_DATE,CUSTOMER_ID,SALESMAN_ID) values ('196','3219.73','06/16/2017','679','5436');
Insert into ORDERS (ID,AMOUNT,ORDER_DATE,CUSTOMER_ID,SALESMAN_ID) values ('197','694.26','05/02/2017','24','5662');
Insert into ORDERS (ID,AMOUNT,ORDER_DATE,CUSTOMER_ID,SALESMAN_ID) values ('198','1239.08','12/30/2017','497','5387');
Insert into ORDERS (ID,AMOUNT,ORDER_DATE,CUSTOMER_ID,SALESMAN_ID) values ('199','1978.08','11/21/2017','7','5804');
Insert into ORDERS (ID,AMOUNT,ORDER_DATE,CUSTOMER_ID,SALESMAN_ID) values ('200','3249.46','05/11/2017','583','5917');
Insert into ORDERS (ID,AMOUNT,ORDER_DATE,CUSTOMER_ID,SALESMAN_ID) values ('201','3963.37','01/12/2018','399','6000');
Insert into ORDERS (ID,AMOUNT,ORDER_DATE,CUSTOMER_ID,SALESMAN_ID) values ('202','1439.51','01/28/2018','604','5225');
Insert into ORDERS (ID,AMOUNT,ORDER_DATE,CUSTOMER_ID,SALESMAN_ID) values ('203','3383.03','06/26/2017','310','5378');
Insert into ORDERS (ID,AMOUNT,ORDER_DATE,CUSTOMER_ID,SALESMAN_ID) values ('204','1172.29','12/04/2017','220','5812');
Insert into ORDERS (ID,AMOUNT,ORDER_DATE,CUSTOMER_ID,SALESMAN_ID) values ('205','2984.82','07/24/2017','965','5377');
Insert into ORDERS (ID,AMOUNT,ORDER_DATE,CUSTOMER_ID,SALESMAN_ID) values ('206','1359.77','12/31/2017','496','5535');
Insert into ORDERS (ID,AMOUNT,ORDER_DATE,CUSTOMER_ID,SALESMAN_ID) values ('207','1086.34','12/01/2017','640','5350');
Insert into ORDERS (ID,AMOUNT,ORDER_DATE,CUSTOMER_ID,SALESMAN_ID) values ('208','1527.48','04/20/2018','566','5182');
Insert into ORDERS (ID,AMOUNT,ORDER_DATE,CUSTOMER_ID,SALESMAN_ID) values ('209','416.65','02/05/2018','450','5195');
Insert into ORDERS (ID,AMOUNT,ORDER_DATE,CUSTOMER_ID,SALESMAN_ID) values ('210','3740.07','08/22/2017','943','5637');
Insert into ORDERS (ID,AMOUNT,ORDER_DATE,CUSTOMER_ID,SALESMAN_ID) values ('211','3732.07','08/22/2017','576','5742');
Insert into ORDERS (ID,AMOUNT,ORDER_DATE,CUSTOMER_ID,SALESMAN_ID) values ('212','3449.65','08/07/2017','288','5457');
Insert into ORDERS (ID,AMOUNT,ORDER_DATE,CUSTOMER_ID,SALESMAN_ID) values ('213','1980.31','07/06/2017','683','5098');
Insert into ORDERS (ID,AMOUNT,ORDER_DATE,CUSTOMER_ID,SALESMAN_ID) values ('214','2839.55','07/30/2017','906','5103');
Insert into ORDERS (ID,AMOUNT,ORDER_DATE,CUSTOMER_ID,SALESMAN_ID) values ('215','2251.33','08/12/2017','790','5844');
Insert into ORDERS (ID,AMOUNT,ORDER_DATE,CUSTOMER_ID,SALESMAN_ID) values ('216','1741.51','07/04/2017','636','5128');
Insert into ORDERS (ID,AMOUNT,ORDER_DATE,CUSTOMER_ID,SALESMAN_ID) values ('217','179.66','02/07/2018','251','5732');
Insert into ORDERS (ID,AMOUNT,ORDER_DATE,CUSTOMER_ID,SALESMAN_ID) values ('218','1938.57','02/09/2018','251','5675');
Insert into ORDERS (ID,AMOUNT,ORDER_DATE,CUSTOMER_ID,SALESMAN_ID) values ('219','1104.76','10/02/2017','518','5535');
Insert into ORDERS (ID,AMOUNT,ORDER_DATE,CUSTOMER_ID,SALESMAN_ID) values ('220','141.87','02/22/2018','75','5402');
Insert into ORDERS (ID,AMOUNT,ORDER_DATE,CUSTOMER_ID,SALESMAN_ID) values ('221','3596.85','08/01/2017','649','5725');
Insert into ORDERS (ID,AMOUNT,ORDER_DATE,CUSTOMER_ID,SALESMAN_ID) values ('222','2058.38','03/18/2018','941','5486');
Insert into ORDERS (ID,AMOUNT,ORDER_DATE,CUSTOMER_ID,SALESMAN_ID) values ('223','903.42','06/03/2017','661','5863');
Insert into ORDERS (ID,AMOUNT,ORDER_DATE,CUSTOMER_ID,SALESMAN_ID) values ('224','984.39','08/02/2017','354','5354');
Insert into ORDERS (ID,AMOUNT,ORDER_DATE,CUSTOMER_ID,SALESMAN_ID) values ('225','1460.35','02/23/2018','648','5994');
Insert into ORDERS (ID,AMOUNT,ORDER_DATE,CUSTOMER_ID,SALESMAN_ID) values ('226','1000.79','08/24/2017','381','5929');
Insert into ORDERS (ID,AMOUNT,ORDER_DATE,CUSTOMER_ID,SALESMAN_ID) values ('227','79.92','11/12/2017','794','5031');
Insert into ORDERS (ID,AMOUNT,ORDER_DATE,CUSTOMER_ID,SALESMAN_ID) values ('228','2200.52','01/31/2018','57','5091');
Insert into ORDERS (ID,AMOUNT,ORDER_DATE,CUSTOMER_ID,SALESMAN_ID) values ('229','633.38','09/30/2017','609','5136');
Insert into ORDERS (ID,AMOUNT,ORDER_DATE,CUSTOMER_ID,SALESMAN_ID) values ('230','2038.67','12/08/2017','148','5490');
Insert into ORDERS (ID,AMOUNT,ORDER_DATE,CUSTOMER_ID,SALESMAN_ID) values ('231','3057.24','08/15/2017','723','5946');
Insert into ORDERS (ID,AMOUNT,ORDER_DATE,CUSTOMER_ID,SALESMAN_ID) values ('232','64.57','06/13/2017','37','5105');
Insert into ORDERS (ID,AMOUNT,ORDER_DATE,CUSTOMER_ID,SALESMAN_ID) values ('233','375.03','05/27/2017','17','5024');
Insert into ORDERS (ID,AMOUNT,ORDER_DATE,CUSTOMER_ID,SALESMAN_ID) values ('234','2874.04','10/30/2017','222','5876');
Insert into ORDERS (ID,AMOUNT,ORDER_DATE,CUSTOMER_ID,SALESMAN_ID) values ('235','583.36','06/12/2017','343','5313');
Insert into ORDERS (ID,AMOUNT,ORDER_DATE,CUSTOMER_ID,SALESMAN_ID) values ('236','1422.41','08/06/2017','224','5675');
Insert into ORDERS (ID,AMOUNT,ORDER_DATE,CUSTOMER_ID,SALESMAN_ID) values ('237','2843.77','02/08/2018','573','5359');
Insert into ORDERS (ID,AMOUNT,ORDER_DATE,CUSTOMER_ID,SALESMAN_ID) values ('238','2133.77','10/26/2017','660','5248');
Insert into ORDERS (ID,AMOUNT,ORDER_DATE,CUSTOMER_ID,SALESMAN_ID) values ('239','82.55','09/30/2017','905','5242');
Insert into ORDERS (ID,AMOUNT,ORDER_DATE,CUSTOMER_ID,SALESMAN_ID) values ('240','3810.56','07/13/2017','658','5576');
Insert into ORDERS (ID,AMOUNT,ORDER_DATE,CUSTOMER_ID,SALESMAN_ID) values ('241','3723.95','10/01/2017','479','5769');
Insert into ORDERS (ID,AMOUNT,ORDER_DATE,CUSTOMER_ID,SALESMAN_ID) values ('242','3500.89','02/23/2018','244','5044');
Insert into ORDERS (ID,AMOUNT,ORDER_DATE,CUSTOMER_ID,SALESMAN_ID) values ('243','908.25','12/04/2017','813','5642');
Insert into ORDERS (ID,AMOUNT,ORDER_DATE,CUSTOMER_ID,SALESMAN_ID) values ('244','1642.08','07/02/2017','439','5071');
Insert into ORDERS (ID,AMOUNT,ORDER_DATE,CUSTOMER_ID,SALESMAN_ID) values ('245','3975.29','09/06/2017','665','5736');
Insert into ORDERS (ID,AMOUNT,ORDER_DATE,CUSTOMER_ID,SALESMAN_ID) values ('246','3899.36','05/06/2017','89','5118');
Insert into ORDERS (ID,AMOUNT,ORDER_DATE,CUSTOMER_ID,SALESMAN_ID) values ('247','3513.1','06/21/2017','324','5075');
Insert into ORDERS (ID,AMOUNT,ORDER_DATE,CUSTOMER_ID,SALESMAN_ID) values ('248','1187.99','12/12/2017','123','5838');
Insert into ORDERS (ID,AMOUNT,ORDER_DATE,CUSTOMER_ID,SALESMAN_ID) values ('249','3493.88','03/20/2018','486','5830');
Insert into ORDERS (ID,AMOUNT,ORDER_DATE,CUSTOMER_ID,SALESMAN_ID) values ('250','2863.54','12/21/2017','111','5878');
Insert into ORDERS (ID,AMOUNT,ORDER_DATE,CUSTOMER_ID,SALESMAN_ID) values ('251','1485.57','07/12/2017','780','5082');
Insert into ORDERS (ID,AMOUNT,ORDER_DATE,CUSTOMER_ID,SALESMAN_ID) values ('252','697.81','03/02/2018','810','5746');
Insert into ORDERS (ID,AMOUNT,ORDER_DATE,CUSTOMER_ID,SALESMAN_ID) values ('253','584.16','11/11/2017','428','5168');
Insert into ORDERS (ID,AMOUNT,ORDER_DATE,CUSTOMER_ID,SALESMAN_ID) values ('254','1577.29','05/13/2017','935','5437');
Insert into ORDERS (ID,AMOUNT,ORDER_DATE,CUSTOMER_ID,SALESMAN_ID) values ('255','2204.36','12/24/2017','705','5981');
Insert into ORDERS (ID,AMOUNT,ORDER_DATE,CUSTOMER_ID,SALESMAN_ID) values ('256','530.88','05/05/2017','980','5635');
Insert into ORDERS (ID,AMOUNT,ORDER_DATE,CUSTOMER_ID,SALESMAN_ID) values ('257','3382.57','10/11/2017','248','5273');
Insert into ORDERS (ID,AMOUNT,ORDER_DATE,CUSTOMER_ID,SALESMAN_ID) values ('258','135.33','05/20/2017','898','5958');
Insert into ORDERS (ID,AMOUNT,ORDER_DATE,CUSTOMER_ID,SALESMAN_ID) values ('259','2575.71','07/17/2017','368','5699');
Insert into ORDERS (ID,AMOUNT,ORDER_DATE,CUSTOMER_ID,SALESMAN_ID) values ('260','1767.59','10/17/2017','984','5426');
Insert into ORDERS (ID,AMOUNT,ORDER_DATE,CUSTOMER_ID,SALESMAN_ID) values ('261','3096.6','07/22/2017','920','5772');
Insert into ORDERS (ID,AMOUNT,ORDER_DATE,CUSTOMER_ID,SALESMAN_ID) values ('262','3337.22','09/24/2017','893','5639');
Insert into ORDERS (ID,AMOUNT,ORDER_DATE,CUSTOMER_ID,SALESMAN_ID) values ('263','1245.98','10/23/2017','753','5320');
Insert into ORDERS (ID,AMOUNT,ORDER_DATE,CUSTOMER_ID,SALESMAN_ID) values ('264','1199.55','10/14/2017','721','5547');
Insert into ORDERS (ID,AMOUNT,ORDER_DATE,CUSTOMER_ID,SALESMAN_ID) values ('265','2074.31','10/21/2017','355','5083');
Insert into ORDERS (ID,AMOUNT,ORDER_DATE,CUSTOMER_ID,SALESMAN_ID) values ('266','3620.41','08/27/2017','930','5374');
Insert into ORDERS (ID,AMOUNT,ORDER_DATE,CUSTOMER_ID,SALESMAN_ID) values ('267','594.52','06/08/2017','616','5185');
Insert into ORDERS (ID,AMOUNT,ORDER_DATE,CUSTOMER_ID,SALESMAN_ID) values ('268','3924.05','05/06/2017','513','5057');
Insert into ORDERS (ID,AMOUNT,ORDER_DATE,CUSTOMER_ID,SALESMAN_ID) values ('269','1282.45','08/15/2017','946','5890');
Insert into ORDERS (ID,AMOUNT,ORDER_DATE,CUSTOMER_ID,SALESMAN_ID) values ('270','2752.13','11/14/2017','897','5364');
Insert into ORDERS (ID,AMOUNT,ORDER_DATE,CUSTOMER_ID,SALESMAN_ID) values ('271','2493.61','06/30/2017','778','5738');
Insert into ORDERS (ID,AMOUNT,ORDER_DATE,CUSTOMER_ID,SALESMAN_ID) values ('272','157.1','04/19/2018','38','5187');
Insert into ORDERS (ID,AMOUNT,ORDER_DATE,CUSTOMER_ID,SALESMAN_ID) values ('273','999.49','04/19/2018','911','5396');
Insert into ORDERS (ID,AMOUNT,ORDER_DATE,CUSTOMER_ID,SALESMAN_ID) values ('274','476.26','09/21/2017','758','5392');
Insert into ORDERS (ID,AMOUNT,ORDER_DATE,CUSTOMER_ID,SALESMAN_ID) values ('275','3698.33','09/01/2017','970','5065');
Insert into ORDERS (ID,AMOUNT,ORDER_DATE,CUSTOMER_ID,SALESMAN_ID) values ('276','3800.63','07/27/2017','325','5418');
Insert into ORDERS (ID,AMOUNT,ORDER_DATE,CUSTOMER_ID,SALESMAN_ID) values ('277','1452.6','10/23/2017','390','5803');
Insert into ORDERS (ID,AMOUNT,ORDER_DATE,CUSTOMER_ID,SALESMAN_ID) values ('278','56.05','06/03/2017','87','5190');
Insert into ORDERS (ID,AMOUNT,ORDER_DATE,CUSTOMER_ID,SALESMAN_ID) values ('279','104.44','03/10/2018','817','5574');
Insert into ORDERS (ID,AMOUNT,ORDER_DATE,CUSTOMER_ID,SALESMAN_ID) values ('280','73.13','02/23/2018','220','5288');
Insert into ORDERS (ID,AMOUNT,ORDER_DATE,CUSTOMER_ID,SALESMAN_ID) values ('281','2248.84','09/04/2017','789','5817');
Insert into ORDERS (ID,AMOUNT,ORDER_DATE,CUSTOMER_ID,SALESMAN_ID) values ('282','1509.84','01/09/2018','655','5041');
Insert into ORDERS (ID,AMOUNT,ORDER_DATE,CUSTOMER_ID,SALESMAN_ID) values ('283','262.43','04/10/2018','353','5573');
Insert into ORDERS (ID,AMOUNT,ORDER_DATE,CUSTOMER_ID,SALESMAN_ID) values ('284','701.15','06/16/2017','860','5668');
Insert into ORDERS (ID,AMOUNT,ORDER_DATE,CUSTOMER_ID,SALESMAN_ID) values ('285','2465.04','04/24/2018','712','5172');
Insert into ORDERS (ID,AMOUNT,ORDER_DATE,CUSTOMER_ID,SALESMAN_ID) values ('286','2741.16','03/24/2018','949','5390');
Insert into ORDERS (ID,AMOUNT,ORDER_DATE,CUSTOMER_ID,SALESMAN_ID) values ('287','1508.14','10/28/2017','651','5722');
Insert into ORDERS (ID,AMOUNT,ORDER_DATE,CUSTOMER_ID,SALESMAN_ID) values ('288','361.25','05/19/2017','2','5028');
Insert into ORDERS (ID,AMOUNT,ORDER_DATE,CUSTOMER_ID,SALESMAN_ID) values ('289','1083.35','07/22/2017','75','5218');
Insert into ORDERS (ID,AMOUNT,ORDER_DATE,CUSTOMER_ID,SALESMAN_ID) values ('290','2809.86','09/08/2017','778','5950');
Insert into ORDERS (ID,AMOUNT,ORDER_DATE,CUSTOMER_ID,SALESMAN_ID) values ('291','1086.48','08/23/2017','673','5509');
Insert into ORDERS (ID,AMOUNT,ORDER_DATE,CUSTOMER_ID,SALESMAN_ID) values ('292','3728.81','03/05/2018','829','5699');
Insert into ORDERS (ID,AMOUNT,ORDER_DATE,CUSTOMER_ID,SALESMAN_ID) values ('293','1024.9','06/19/2017','482','5759');
Insert into ORDERS (ID,AMOUNT,ORDER_DATE,CUSTOMER_ID,SALESMAN_ID) values ('294','862.01','06/09/2017','28','5474');
Insert into ORDERS (ID,AMOUNT,ORDER_DATE,CUSTOMER_ID,SALESMAN_ID) values ('295','3069.72','06/09/2017','242','5417');
Insert into ORDERS (ID,AMOUNT,ORDER_DATE,CUSTOMER_ID,SALESMAN_ID) values ('296','567.99','06/20/2017','476','5741');
Insert into ORDERS (ID,AMOUNT,ORDER_DATE,CUSTOMER_ID,SALESMAN_ID) values ('297','2501.11','10/08/2017','162','5923');
Insert into ORDERS (ID,AMOUNT,ORDER_DATE,CUSTOMER_ID,SALESMAN_ID) values ('298','3193.73','02/23/2018','967','5584');
Insert into ORDERS (ID,AMOUNT,ORDER_DATE,CUSTOMER_ID,SALESMAN_ID) values ('299','2753.58','11/12/2017','252','5757');
Insert into ORDERS (ID,AMOUNT,ORDER_DATE,CUSTOMER_ID,SALESMAN_ID) values ('300','2834.78','02/22/2018','714','5385');
Insert into ORDERS (ID,AMOUNT,ORDER_DATE,CUSTOMER_ID,SALESMAN_ID) values ('301','773.78','07/06/2017','784','5194');
Insert into ORDERS (ID,AMOUNT,ORDER_DATE,CUSTOMER_ID,SALESMAN_ID) values ('302','1545.2','12/11/2017','950','5765');
Insert into ORDERS (ID,AMOUNT,ORDER_DATE,CUSTOMER_ID,SALESMAN_ID) values ('303','1182.42','05/27/2017','349','5737');
Insert into ORDERS (ID,AMOUNT,ORDER_DATE,CUSTOMER_ID,SALESMAN_ID) values ('304','1435.8','10/07/2017','667','5666');
Insert into ORDERS (ID,AMOUNT,ORDER_DATE,CUSTOMER_ID,SALESMAN_ID) values ('305','2062.96','04/04/2018','688','5262');
Insert into ORDERS (ID,AMOUNT,ORDER_DATE,CUSTOMER_ID,SALESMAN_ID) values ('306','1198.31','04/22/2018','806','5889');
Insert into ORDERS (ID,AMOUNT,ORDER_DATE,CUSTOMER_ID,SALESMAN_ID) values ('307','3150.38','06/27/2017','155','5238');
Insert into ORDERS (ID,AMOUNT,ORDER_DATE,CUSTOMER_ID,SALESMAN_ID) values ('308','767.98','12/04/2017','208','5522');
Insert into ORDERS (ID,AMOUNT,ORDER_DATE,CUSTOMER_ID,SALESMAN_ID) values ('309','289.66','11/20/2017','284','5835');
Insert into ORDERS (ID,AMOUNT,ORDER_DATE,CUSTOMER_ID,SALESMAN_ID) values ('310','2262.01','08/07/2017','398','5841');
Insert into ORDERS (ID,AMOUNT,ORDER_DATE,CUSTOMER_ID,SALESMAN_ID) values ('311','2624.41','02/22/2018','908','5726');
Insert into ORDERS (ID,AMOUNT,ORDER_DATE,CUSTOMER_ID,SALESMAN_ID) values ('312','1509.35','05/26/2017','401','5349');
Insert into ORDERS (ID,AMOUNT,ORDER_DATE,CUSTOMER_ID,SALESMAN_ID) values ('313','1674.62','11/22/2017','456','5958');
Insert into ORDERS (ID,AMOUNT,ORDER_DATE,CUSTOMER_ID,SALESMAN_ID) values ('314','1098.14','10/27/2017','812','5938');
Insert into ORDERS (ID,AMOUNT,ORDER_DATE,CUSTOMER_ID,SALESMAN_ID) values ('315','2630.48','01/22/2018','138','5763');
Insert into ORDERS (ID,AMOUNT,ORDER_DATE,CUSTOMER_ID,SALESMAN_ID) values ('316','1558.96','07/26/2017','249','5318');
Insert into ORDERS (ID,AMOUNT,ORDER_DATE,CUSTOMER_ID,SALESMAN_ID) values ('317','3602.45','09/23/2017','888','5214');
Insert into ORDERS (ID,AMOUNT,ORDER_DATE,CUSTOMER_ID,SALESMAN_ID) values ('318','3016.75','10/23/2017','298','5578');
Insert into ORDERS (ID,AMOUNT,ORDER_DATE,CUSTOMER_ID,SALESMAN_ID) values ('319','476.5','10/22/2017','300','5730');
Insert into ORDERS (ID,AMOUNT,ORDER_DATE,CUSTOMER_ID,SALESMAN_ID) values ('320','457.65','08/18/2017','598','5496');
Insert into ORDERS (ID,AMOUNT,ORDER_DATE,CUSTOMER_ID,SALESMAN_ID) values ('321','3463.61','10/15/2017','256','5388');
Insert into ORDERS (ID,AMOUNT,ORDER_DATE,CUSTOMER_ID,SALESMAN_ID) values ('322','231.96','01/03/2018','982','5578');
Insert into ORDERS (ID,AMOUNT,ORDER_DATE,CUSTOMER_ID,SALESMAN_ID) values ('323','3630.14','10/25/2017','388','5270');
Insert into ORDERS (ID,AMOUNT,ORDER_DATE,CUSTOMER_ID,SALESMAN_ID) values ('324','3839.31','05/28/2017','76','5199');
Insert into ORDERS (ID,AMOUNT,ORDER_DATE,CUSTOMER_ID,SALESMAN_ID) values ('325','1973.5','07/24/2017','382','5108');
Insert into ORDERS (ID,AMOUNT,ORDER_DATE,CUSTOMER_ID,SALESMAN_ID) values ('326','736.27','12/31/2017','234','5007');
Insert into ORDERS (ID,AMOUNT,ORDER_DATE,CUSTOMER_ID,SALESMAN_ID) values ('327','3193.67','08/07/2017','919','5941');
Insert into ORDERS (ID,AMOUNT,ORDER_DATE,CUSTOMER_ID,SALESMAN_ID) values ('328','1118.3','04/06/2018','219','5833');
Insert into ORDERS (ID,AMOUNT,ORDER_DATE,CUSTOMER_ID,SALESMAN_ID) values ('329','2105.13','08/04/2017','439','5174');
Insert into ORDERS (ID,AMOUNT,ORDER_DATE,CUSTOMER_ID,SALESMAN_ID) values ('330','930.8','08/25/2017','109','5931');
Insert into ORDERS (ID,AMOUNT,ORDER_DATE,CUSTOMER_ID,SALESMAN_ID) values ('331','3238.74','05/25/2017','267','5008');
Insert into ORDERS (ID,AMOUNT,ORDER_DATE,CUSTOMER_ID,SALESMAN_ID) values ('332','882.34','12/15/2017','815','5057');
Insert into ORDERS (ID,AMOUNT,ORDER_DATE,CUSTOMER_ID,SALESMAN_ID) values ('333','2522.02','02/13/2018','839','5028');
Insert into ORDERS (ID,AMOUNT,ORDER_DATE,CUSTOMER_ID,SALESMAN_ID) values ('334','2331.66','08/23/2017','78','5133');
Insert into ORDERS (ID,AMOUNT,ORDER_DATE,CUSTOMER_ID,SALESMAN_ID) values ('335','3596.83','12/30/2017','206','5975');
Insert into ORDERS (ID,AMOUNT,ORDER_DATE,CUSTOMER_ID,SALESMAN_ID) values ('336','1319.3','11/20/2017','665','5121');
Insert into ORDERS (ID,AMOUNT,ORDER_DATE,CUSTOMER_ID,SALESMAN_ID) values ('337','407.73','08/27/2017','143','5604');
Insert into ORDERS (ID,AMOUNT,ORDER_DATE,CUSTOMER_ID,SALESMAN_ID) values ('338','1458.9','01/04/2018','625','5233');
Insert into ORDERS (ID,AMOUNT,ORDER_DATE,CUSTOMER_ID,SALESMAN_ID) values ('339','3327.8','06/15/2017','634','5343');
Insert into ORDERS (ID,AMOUNT,ORDER_DATE,CUSTOMER_ID,SALESMAN_ID) values ('340','1272.0','11/16/2017','370','5263');
Insert into ORDERS (ID,AMOUNT,ORDER_DATE,CUSTOMER_ID,SALESMAN_ID) values ('341','2948.89','01/16/2018','479','5767');
Insert into ORDERS (ID,AMOUNT,ORDER_DATE,CUSTOMER_ID,SALESMAN_ID) values ('342','3702.74','03/14/2018','208','5809');
Insert into ORDERS (ID,AMOUNT,ORDER_DATE,CUSTOMER_ID,SALESMAN_ID) values ('343','3007.22','05/05/2017','104','5440');
Insert into ORDERS (ID,AMOUNT,ORDER_DATE,CUSTOMER_ID,SALESMAN_ID) values ('344','1037.69','12/14/2017','607','5753');
Insert into ORDERS (ID,AMOUNT,ORDER_DATE,CUSTOMER_ID,SALESMAN_ID) values ('345','1602.25','04/29/2017','728','5541');
Insert into ORDERS (ID,AMOUNT,ORDER_DATE,CUSTOMER_ID,SALESMAN_ID) values ('346','1278.02','08/07/2017','494','5726');
Insert into ORDERS (ID,AMOUNT,ORDER_DATE,CUSTOMER_ID,SALESMAN_ID) values ('347','743.42','02/04/2018','532','5916');
Insert into ORDERS (ID,AMOUNT,ORDER_DATE,CUSTOMER_ID,SALESMAN_ID) values ('348','1425.83','09/16/2017','993','5307');
Insert into ORDERS (ID,AMOUNT,ORDER_DATE,CUSTOMER_ID,SALESMAN_ID) values ('349','828.68','05/25/2017','214','5360');
Insert into ORDERS (ID,AMOUNT,ORDER_DATE,CUSTOMER_ID,SALESMAN_ID) values ('350','383.56','06/12/2017','878','5951');
Insert into ORDERS (ID,AMOUNT,ORDER_DATE,CUSTOMER_ID,SALESMAN_ID) values ('351','2184.67','08/18/2017','440','5277');
Insert into ORDERS (ID,AMOUNT,ORDER_DATE,CUSTOMER_ID,SALESMAN_ID) values ('352','3030.25','03/06/2018','694','5961');
Insert into ORDERS (ID,AMOUNT,ORDER_DATE,CUSTOMER_ID,SALESMAN_ID) values ('353','1013.51','07/23/2017','366','5677');
Insert into ORDERS (ID,AMOUNT,ORDER_DATE,CUSTOMER_ID,SALESMAN_ID) values ('354','2485.31','04/06/2018','784','5611');
Insert into ORDERS (ID,AMOUNT,ORDER_DATE,CUSTOMER_ID,SALESMAN_ID) values ('355','1445.29','03/11/2018','761','5118');
Insert into ORDERS (ID,AMOUNT,ORDER_DATE,CUSTOMER_ID,SALESMAN_ID) values ('356','497.06','06/07/2017','873','5819');
Insert into ORDERS (ID,AMOUNT,ORDER_DATE,CUSTOMER_ID,SALESMAN_ID) values ('357','2384.73','12/26/2017','458','5386');
Insert into ORDERS (ID,AMOUNT,ORDER_DATE,CUSTOMER_ID,SALESMAN_ID) values ('358','2398.33','04/04/2018','939','5534');
Insert into ORDERS (ID,AMOUNT,ORDER_DATE,CUSTOMER_ID,SALESMAN_ID) values ('359','3220.19','04/22/2018','683','5855');
Insert into ORDERS (ID,AMOUNT,ORDER_DATE,CUSTOMER_ID,SALESMAN_ID) values ('360','1360.02','12/22/2017','928','5652');
Insert into ORDERS (ID,AMOUNT,ORDER_DATE,CUSTOMER_ID,SALESMAN_ID) values ('361','1715.34','10/10/2017','159','5948');
Insert into ORDERS (ID,AMOUNT,ORDER_DATE,CUSTOMER_ID,SALESMAN_ID) values ('362','3905.92','06/07/2017','564','5912');
Insert into ORDERS (ID,AMOUNT,ORDER_DATE,CUSTOMER_ID,SALESMAN_ID) values ('363','2208.47','10/27/2017','288','5210');
Insert into ORDERS (ID,AMOUNT,ORDER_DATE,CUSTOMER_ID,SALESMAN_ID) values ('364','2913.88','03/18/2018','962','5941');
Insert into ORDERS (ID,AMOUNT,ORDER_DATE,CUSTOMER_ID,SALESMAN_ID) values ('365','2623.36','04/01/2018','331','5240');
Insert into ORDERS (ID,AMOUNT,ORDER_DATE,CUSTOMER_ID,SALESMAN_ID) values ('366','2409.97','03/17/2018','311','5468');
Insert into ORDERS (ID,AMOUNT,ORDER_DATE,CUSTOMER_ID,SALESMAN_ID) values ('367','3978.14','09/02/2017','511','5667');
Insert into ORDERS (ID,AMOUNT,ORDER_DATE,CUSTOMER_ID,SALESMAN_ID) values ('368','3551.89','07/26/2017','162','5713');
Insert into ORDERS (ID,AMOUNT,ORDER_DATE,CUSTOMER_ID,SALESMAN_ID) values ('369','2322.45','09/25/2017','163','5039');
Insert into ORDERS (ID,AMOUNT,ORDER_DATE,CUSTOMER_ID,SALESMAN_ID) values ('370','2633.29','07/12/2017','126','5499');
Insert into ORDERS (ID,AMOUNT,ORDER_DATE,CUSTOMER_ID,SALESMAN_ID) values ('371','3516.73','06/21/2017','968','5563');
Insert into ORDERS (ID,AMOUNT,ORDER_DATE,CUSTOMER_ID,SALESMAN_ID) values ('372','729.52','11/27/2017','120','5434');
Insert into ORDERS (ID,AMOUNT,ORDER_DATE,CUSTOMER_ID,SALESMAN_ID) values ('373','3057.27','09/12/2017','933','5435');
Insert into ORDERS (ID,AMOUNT,ORDER_DATE,CUSTOMER_ID,SALESMAN_ID) values ('374','3521.5','09/26/2017','419','5199');
Insert into ORDERS (ID,AMOUNT,ORDER_DATE,CUSTOMER_ID,SALESMAN_ID) values ('375','995.46','01/30/2018','38','5218');
Insert into ORDERS (ID,AMOUNT,ORDER_DATE,CUSTOMER_ID,SALESMAN_ID) values ('376','2058.67','02/24/2018','693','5405');
Insert into ORDERS (ID,AMOUNT,ORDER_DATE,CUSTOMER_ID,SALESMAN_ID) values ('377','969.01','01/07/2018','619','5888');
Insert into ORDERS (ID,AMOUNT,ORDER_DATE,CUSTOMER_ID,SALESMAN_ID) values ('378','1282.35','04/12/2018','456','5748');
Insert into ORDERS (ID,AMOUNT,ORDER_DATE,CUSTOMER_ID,SALESMAN_ID) values ('379','791.77','02/05/2018','154','5084');
Insert into ORDERS (ID,AMOUNT,ORDER_DATE,CUSTOMER_ID,SALESMAN_ID) values ('380','3445.45','10/30/2017','386','5067');
Insert into ORDERS (ID,AMOUNT,ORDER_DATE,CUSTOMER_ID,SALESMAN_ID) values ('381','1166.52','10/02/2017','845','5631');
Insert into ORDERS (ID,AMOUNT,ORDER_DATE,CUSTOMER_ID,SALESMAN_ID) values ('382','2345.78','10/17/2017','814','5174');
Insert into ORDERS (ID,AMOUNT,ORDER_DATE,CUSTOMER_ID,SALESMAN_ID) values ('383','2967.91','09/24/2017','235','5466');
Insert into ORDERS (ID,AMOUNT,ORDER_DATE,CUSTOMER_ID,SALESMAN_ID) values ('384','433.48','07/27/2017','841','5325');
Insert into ORDERS (ID,AMOUNT,ORDER_DATE,CUSTOMER_ID,SALESMAN_ID) values ('385','3150.6','09/22/2017','888','5439');
Insert into ORDERS (ID,AMOUNT,ORDER_DATE,CUSTOMER_ID,SALESMAN_ID) values ('386','3777.58','01/14/2018','98','5584');
Insert into ORDERS (ID,AMOUNT,ORDER_DATE,CUSTOMER_ID,SALESMAN_ID) values ('387','1112.88','05/01/2017','163','5039');
Insert into ORDERS (ID,AMOUNT,ORDER_DATE,CUSTOMER_ID,SALESMAN_ID) values ('388','2568.58','03/16/2018','857','5134');
Insert into ORDERS (ID,AMOUNT,ORDER_DATE,CUSTOMER_ID,SALESMAN_ID) values ('389','345.7','06/17/2017','410','5446');
Insert into ORDERS (ID,AMOUNT,ORDER_DATE,CUSTOMER_ID,SALESMAN_ID) values ('390','3162.15','06/14/2017','717','5060');
Insert into ORDERS (ID,AMOUNT,ORDER_DATE,CUSTOMER_ID,SALESMAN_ID) values ('391','458.44','09/12/2017','145','5308');
Insert into ORDERS (ID,AMOUNT,ORDER_DATE,CUSTOMER_ID,SALESMAN_ID) values ('392','1130.75','09/04/2017','707','5811');
Insert into ORDERS (ID,AMOUNT,ORDER_DATE,CUSTOMER_ID,SALESMAN_ID) values ('393','2226.87','08/31/2017','467','5651');
Insert into ORDERS (ID,AMOUNT,ORDER_DATE,CUSTOMER_ID,SALESMAN_ID) values ('394','3892.98','04/26/2017','651','5993');
Insert into ORDERS (ID,AMOUNT,ORDER_DATE,CUSTOMER_ID,SALESMAN_ID) values ('395','1976.96','10/07/2017','983','5935');
Insert into ORDERS (ID,AMOUNT,ORDER_DATE,CUSTOMER_ID,SALESMAN_ID) values ('396','1921.61','03/30/2018','751','5916');
Insert into ORDERS (ID,AMOUNT,ORDER_DATE,CUSTOMER_ID,SALESMAN_ID) values ('397','165.75','09/14/2017','14','5279');
Insert into ORDERS (ID,AMOUNT,ORDER_DATE,CUSTOMER_ID,SALESMAN_ID) values ('398','1946.34','07/21/2017','633','5616');
Insert into ORDERS (ID,AMOUNT,ORDER_DATE,CUSTOMER_ID,SALESMAN_ID) values ('399','2982.56','08/05/2017','445','5622');
Insert into ORDERS (ID,AMOUNT,ORDER_DATE,CUSTOMER_ID,SALESMAN_ID) values ('400','1576.38','01/21/2018','664','5881');
Insert into ORDERS (ID,AMOUNT,ORDER_DATE,CUSTOMER_ID,SALESMAN_ID) values ('401','3455.67','02/06/2018','191','5820');
Insert into ORDERS (ID,AMOUNT,ORDER_DATE,CUSTOMER_ID,SALESMAN_ID) values ('402','592.99','07/15/2017','608','5716');
Insert into ORDERS (ID,AMOUNT,ORDER_DATE,CUSTOMER_ID,SALESMAN_ID) values ('403','593.35','06/11/2017','505','5709');
Insert into ORDERS (ID,AMOUNT,ORDER_DATE,CUSTOMER_ID,SALESMAN_ID) values ('404','3452.64','05/28/2017','278','5262');
Insert into ORDERS (ID,AMOUNT,ORDER_DATE,CUSTOMER_ID,SALESMAN_ID) values ('405','352.21','10/29/2017','686','5776');
Insert into ORDERS (ID,AMOUNT,ORDER_DATE,CUSTOMER_ID,SALESMAN_ID) values ('406','1223.78','10/03/2017','462','5087');
Insert into ORDERS (ID,AMOUNT,ORDER_DATE,CUSTOMER_ID,SALESMAN_ID) values ('407','1689.85','10/07/2017','377','5565');
Insert into ORDERS (ID,AMOUNT,ORDER_DATE,CUSTOMER_ID,SALESMAN_ID) values ('408','3921.13','03/31/2018','770','5931');
Insert into ORDERS (ID,AMOUNT,ORDER_DATE,CUSTOMER_ID,SALESMAN_ID) values ('409','1210.46','02/15/2018','908','5522');
Insert into ORDERS (ID,AMOUNT,ORDER_DATE,CUSTOMER_ID,SALESMAN_ID) values ('410','1239.91','08/31/2017','134','5020');
Insert into ORDERS (ID,AMOUNT,ORDER_DATE,CUSTOMER_ID,SALESMAN_ID) values ('411','2382.6','01/16/2018','644','5865');
REM INSERTING into SALESMAN
SET DEFINE OFF;
Insert into SALESMAN (ID,NAME,COUNTRY,COMMISSION) values ('5407','Kory Felce','France','1');
Insert into SALESMAN (ID,NAME,COUNTRY,COMMISSION) values ('5408','Prudy Barnard','Indonesia','15');
Insert into SALESMAN (ID,NAME,COUNTRY,COMMISSION) values ('5409','Angeline Cubbit','Indonesia','1');
Insert into SALESMAN (ID,NAME,COUNTRY,COMMISSION) values ('5410','Tedd Phebee','Latvia','15');
Insert into SALESMAN (ID,NAME,COUNTRY,COMMISSION) values ('5411','Bernard Halewood','France','13');
Insert into SALESMAN (ID,NAME,COUNTRY,COMMISSION) values ('5412','Sonnie Fincher','China','14');
Insert into SALESMAN (ID,NAME,COUNTRY,COMMISSION) values ('5413','Enrique Hambling','Colombia','1');
Insert into SALESMAN (ID,NAME,COUNTRY,COMMISSION) values ('5414','Viviyan Swapp','Serbia','1');
Insert into SALESMAN (ID,NAME,COUNTRY,COMMISSION) values ('5415','Cristian Lipyeat','Slovenia','1');
Insert into SALESMAN (ID,NAME,COUNTRY,COMMISSION) values ('5416','Nikos Tester','Canada','1');
Insert into SALESMAN (ID,NAME,COUNTRY,COMMISSION) values ('5417','Lyman Cremen','Russia','12');
Insert into SALESMAN (ID,NAME,COUNTRY,COMMISSION) values ('5418','Timothy Goodwyn','Philippines','1');
Insert into SALESMAN (ID,NAME,COUNTRY,COMMISSION) values ('5419','Brynn D''Hooghe','Norway','11');
Insert into SALESMAN (ID,NAME,COUNTRY,COMMISSION) values ('5420','Ned Kringe','Faroe Islands','12');
Insert into SALESMAN (ID,NAME,COUNTRY,COMMISSION) values ('5421','Roana Langshaw','France','9');
Insert into SALESMAN (ID,NAME,COUNTRY,COMMISSION) values ('5422','Spense Tolomei','Indonesia','15');
Insert into SALESMAN (ID,NAME,COUNTRY,COMMISSION) values ('5423','Nancee Klimentyev','Honduras','9');
Insert into SALESMAN (ID,NAME,COUNTRY,COMMISSION) values ('5424','Vivie Caldayrou','Japan','11');
Insert into SALESMAN (ID,NAME,COUNTRY,COMMISSION) values ('5425','Kenyon Gravy','Sweden','14');
Insert into SALESMAN (ID,NAME,COUNTRY,COMMISSION) values ('5426','Town Scase','Peru','1');
Insert into SALESMAN (ID,NAME,COUNTRY,COMMISSION) values ('5427','Ahmad Drewell','France','12');
Insert into SALESMAN (ID,NAME,COUNTRY,COMMISSION) values ('5428','Emelyne Lethbrig','Russia','1');
Insert into SALESMAN (ID,NAME,COUNTRY,COMMISSION) values ('5429','Kinna Gittoes','Indonesia','1');
Insert into SALESMAN (ID,NAME,COUNTRY,COMMISSION) values ('5430','Noelani Corn','Peru','1');
Insert into SALESMAN (ID,NAME,COUNTRY,COMMISSION) values ('5431','Angele MacCaghan','Indonesia','11');
Insert into SALESMAN (ID,NAME,COUNTRY,COMMISSION) values ('5432','Roderich Aitcheson','Kazakhstan','9');
Insert into SALESMAN (ID,NAME,COUNTRY,COMMISSION) values ('5433','Frannie Obin','Greece','12');
Insert into SALESMAN (ID,NAME,COUNTRY,COMMISSION) values ('5434','Kyla Bolle','China','1');
Insert into SALESMAN (ID,NAME,COUNTRY,COMMISSION) values ('5435','Carola Ratley','Philippines','1');
Insert into SALESMAN (ID,NAME,COUNTRY,COMMISSION) values ('5436','Roselle Pelos','China','1');
Insert into SALESMAN (ID,NAME,COUNTRY,COMMISSION) values ('5437','Pembroke Beves','France','14');
Insert into SALESMAN (ID,NAME,COUNTRY,COMMISSION) values ('5438','Roch Neagle','Brazil','12');
Insert into SALESMAN (ID,NAME,COUNTRY,COMMISSION) values ('5439','Mona Hastewell','Portugal','1');
Insert into SALESMAN (ID,NAME,COUNTRY,COMMISSION) values ('5440','Bartolomeo Broek','United States','9');
Insert into SALESMAN (ID,NAME,COUNTRY,COMMISSION) values ('5441','Alexandre McCrystal','China','1');
Insert into SALESMAN (ID,NAME,COUNTRY,COMMISSION) values ('5442','Em Chainey','Cambodia','13');
Insert into SALESMAN (ID,NAME,COUNTRY,COMMISSION) values ('5443','Marv O''Bruen','Colombia','13');
Insert into SALESMAN (ID,NAME,COUNTRY,COMMISSION) values ('5444','Gard Gidman','Japan','11');
Insert into SALESMAN (ID,NAME,COUNTRY,COMMISSION) values ('5445','Edmund Fletham','Brazil','12');
Insert into SALESMAN (ID,NAME,COUNTRY,COMMISSION) values ('5446','Ellary Southerton','China','11');
Insert into SALESMAN (ID,NAME,COUNTRY,COMMISSION) values ('5447','Aurthur Oldis','Portugal','11');
Insert into SALESMAN (ID,NAME,COUNTRY,COMMISSION) values ('5448','Crysta Faughnan','Gambia','1');
Insert into SALESMAN (ID,NAME,COUNTRY,COMMISSION) values ('5449','Trstram Rawlence','Mexico','14');
Insert into SALESMAN (ID,NAME,COUNTRY,COMMISSION) values ('5450','Neall Mathissen','Czech Republic','12');
Insert into SALESMAN (ID,NAME,COUNTRY,COMMISSION) values ('5451','Kristos Lukesch','Japan','13');
Insert into SALESMAN (ID,NAME,COUNTRY,COMMISSION) values ('5452','Wilt Syncke','China','14');
Insert into SALESMAN (ID,NAME,COUNTRY,COMMISSION) values ('5453','Harmonie Drache','Germany','11');
Insert into SALESMAN (ID,NAME,COUNTRY,COMMISSION) values ('5454','Frederico Trowle','China','12');
Insert into SALESMAN (ID,NAME,COUNTRY,COMMISSION) values ('5455','Berte Gaukroger','Russia','1');
Insert into SALESMAN (ID,NAME,COUNTRY,COMMISSION) values ('5456','Bryn Sinney','Indonesia','9');
Insert into SALESMAN (ID,NAME,COUNTRY,COMMISSION) values ('5457','Dredi Pannaman','Sierra Leone','11');
Insert into SALESMAN (ID,NAME,COUNTRY,COMMISSION) values ('5458','Marisa Vasyukhin','China','12');
Insert into SALESMAN (ID,NAME,COUNTRY,COMMISSION) values ('5459','Allx Ciccone','Poland','12');
Insert into SALESMAN (ID,NAME,COUNTRY,COMMISSION) values ('5460','Talia Dobbie','Indonesia','13');
Insert into SALESMAN (ID,NAME,COUNTRY,COMMISSION) values ('5461','Theadora Pelham','Poland','11');
Insert into SALESMAN (ID,NAME,COUNTRY,COMMISSION) values ('5462','Dedra Tennison','France','12');
Insert into SALESMAN (ID,NAME,COUNTRY,COMMISSION) values ('5463','Sherlock Skough','Philippines','12');
Insert into SALESMAN (ID,NAME,COUNTRY,COMMISSION) values ('5464','Anthony Harry','Afghanistan','1');
Insert into SALESMAN (ID,NAME,COUNTRY,COMMISSION) values ('5465','Nicoli O'' Hanvey','Brazil','11');
Insert into SALESMAN (ID,NAME,COUNTRY,COMMISSION) values ('5466','Lesli Rudeyeard','Tunisia','1');
Insert into SALESMAN (ID,NAME,COUNTRY,COMMISSION) values ('5467','Cozmo Zarfati','Guadeloupe','9');
Insert into SALESMAN (ID,NAME,COUNTRY,COMMISSION) values ('5468','Noam Vye','Iran','15');
Insert into SALESMAN (ID,NAME,COUNTRY,COMMISSION) values ('5469','Bancroft Dunkersley','China','13');
Insert into SALESMAN (ID,NAME,COUNTRY,COMMISSION) values ('5470','Bernelle O''Caherny','Japan','12');
Insert into SALESMAN (ID,NAME,COUNTRY,COMMISSION) values ('5471','Madelena Brackstone','China','9');
Insert into SALESMAN (ID,NAME,COUNTRY,COMMISSION) values ('5472','Ruprecht Have','Indonesia','1');
Insert into SALESMAN (ID,NAME,COUNTRY,COMMISSION) values ('5473','Licha Shurville','China','12');
Insert into SALESMAN (ID,NAME,COUNTRY,COMMISSION) values ('5474','Neil Lukianovich','New Caledonia','12');
Insert into SALESMAN (ID,NAME,COUNTRY,COMMISSION) values ('5475','Corrine Yon','Indonesia','11');
Insert into SALESMAN (ID,NAME,COUNTRY,COMMISSION) values ('5476','Philippine Abbets','China','11');
Insert into SALESMAN (ID,NAME,COUNTRY,COMMISSION) values ('5477','Osborn Gravenor','China','14');
Insert into SALESMAN (ID,NAME,COUNTRY,COMMISSION) values ('5478','Wilton Esch','Palestinian Territory','12');
Insert into SALESMAN (ID,NAME,COUNTRY,COMMISSION) values ('5479','Belle Halloway','Portugal','1');
Insert into SALESMAN (ID,NAME,COUNTRY,COMMISSION) values ('5480','Kelsey Thurlby','Russia','11');
Insert into SALESMAN (ID,NAME,COUNTRY,COMMISSION) values ('5481','Ebony MacGillivrie','China','12');
Insert into SALESMAN (ID,NAME,COUNTRY,COMMISSION) values ('5482','Silvain Frears','Canada','1');
Insert into SALESMAN (ID,NAME,COUNTRY,COMMISSION) values ('5483','Harv Yellowlees','Yemen','13');
Insert into SALESMAN (ID,NAME,COUNTRY,COMMISSION) values ('5484','Jamil Colam','Zimbabwe','11');
Insert into SALESMAN (ID,NAME,COUNTRY,COMMISSION) values ('5485','Franky Berick','Russia','1');
Insert into SALESMAN (ID,NAME,COUNTRY,COMMISSION) values ('5486','Jolene Newlan','Indonesia','15');
Insert into SALESMAN (ID,NAME,COUNTRY,COMMISSION) values ('5487','Selestina Boldry','Indonesia','11');
Insert into SALESMAN (ID,NAME,COUNTRY,COMMISSION) values ('5488','Genna Wimmers','Dominican Republic','9');
Insert into SALESMAN (ID,NAME,COUNTRY,COMMISSION) values ('5489','Anni McGorman','Peru','13');
Insert into SALESMAN (ID,NAME,COUNTRY,COMMISSION) values ('5490','Janka Cinderey','Pakistan','1');
Insert into SALESMAN (ID,NAME,COUNTRY,COMMISSION) values ('5491','Monique Leak','Thailand','1');
Insert into SALESMAN (ID,NAME,COUNTRY,COMMISSION) values ('5492','Clerc Jearum','Poland','15');
Insert into SALESMAN (ID,NAME,COUNTRY,COMMISSION) values ('5493','Madlen Gerriessen','Portugal','1');
Insert into SALESMAN (ID,NAME,COUNTRY,COMMISSION) values ('5494','Inglebert Sommerville','Yemen','13');
Insert into SALESMAN (ID,NAME,COUNTRY,COMMISSION) values ('5495','Mariellen Deering','Nigeria','1');
Insert into SALESMAN (ID,NAME,COUNTRY,COMMISSION) values ('5496','Concordia Duly','China','11');
Insert into SALESMAN (ID,NAME,COUNTRY,COMMISSION) values ('5497','Faydra Verrick','Japan','13');
Insert into SALESMAN (ID,NAME,COUNTRY,COMMISSION) values ('5498','Liz Suttill','Chad','14');
Insert into SALESMAN (ID,NAME,COUNTRY,COMMISSION) values ('5499','Hastings Noraway','Spain','11');
Insert into SALESMAN (ID,NAME,COUNTRY,COMMISSION) values ('5500','Norene Pilsbury','Poland','12');
Insert into SALESMAN (ID,NAME,COUNTRY,COMMISSION) values ('5501','Jdavie McClean','Ukraine','12');
Insert into SALESMAN (ID,NAME,COUNTRY,COMMISSION) values ('5502','Carry Geri','Russia','12');
Insert into SALESMAN (ID,NAME,COUNTRY,COMMISSION) values ('5503','Wakefield Shortland','Russia','14');
Insert into SALESMAN (ID,NAME,COUNTRY,COMMISSION) values ('5504','Ritchie Cleef','Russia','13');
Insert into SALESMAN (ID,NAME,COUNTRY,COMMISSION) values ('5505','Jere Moughton','Bosnia and Herzegovina','14');
Insert into SALESMAN (ID,NAME,COUNTRY,COMMISSION) values ('5506','Denyse Please','Kenya','15');
Insert into SALESMAN (ID,NAME,COUNTRY,COMMISSION) values ('5507','Josephina Drynan','France','13');
Insert into SALESMAN (ID,NAME,COUNTRY,COMMISSION) values ('5508','Kevyn Lally','China','1');
Insert into SALESMAN (ID,NAME,COUNTRY,COMMISSION) values ('5509','Erich Chittenden','Indonesia','12');
Insert into SALESMAN (ID,NAME,COUNTRY,COMMISSION) values ('5510','Meade Daulby','Chile','14');
Insert into SALESMAN (ID,NAME,COUNTRY,COMMISSION) values ('5511','Tulley Quilliam','Russia','9');
Insert into SALESMAN (ID,NAME,COUNTRY,COMMISSION) values ('5512','Margarette Johnsson','Sweden','14');
Insert into SALESMAN (ID,NAME,COUNTRY,COMMISSION) values ('5513','Amelina Huckle','Chad','9');
Insert into SALESMAN (ID,NAME,COUNTRY,COMMISSION) values ('5514','Tersina Bartomeu','Poland','13');
Insert into SALESMAN (ID,NAME,COUNTRY,COMMISSION) values ('5515','Leonard Firpo','Brazil','12');
Insert into SALESMAN (ID,NAME,COUNTRY,COMMISSION) values ('5516','Auroora Goomes','Mongolia','12');
Insert into SALESMAN (ID,NAME,COUNTRY,COMMISSION) values ('5517','Marylin Skarman','China','13');
Insert into SALESMAN (ID,NAME,COUNTRY,COMMISSION) values ('5518','Esma Reinmar','China','1');
Insert into SALESMAN (ID,NAME,COUNTRY,COMMISSION) values ('5519','Delano Lobell','Armenia','9');
Insert into SALESMAN (ID,NAME,COUNTRY,COMMISSION) values ('5520','Gordon Gunnell','Netherlands','12');
Insert into SALESMAN (ID,NAME,COUNTRY,COMMISSION) values ('5521','Kaile Mathy','China','12');
Insert into SALESMAN (ID,NAME,COUNTRY,COMMISSION) values ('5522','Ulrikaumeko Hibbart','Czech Republic','1');
Insert into SALESMAN (ID,NAME,COUNTRY,COMMISSION) values ('5523','Nelia Fuster','Argentina','9');
Insert into SALESMAN (ID,NAME,COUNTRY,COMMISSION) values ('5524','Cordy Tripe','Argentina','11');
Insert into SALESMAN (ID,NAME,COUNTRY,COMMISSION) values ('5525','Agace Daouse','Russia','12');
Insert into SALESMAN (ID,NAME,COUNTRY,COMMISSION) values ('5526','Yettie Kimmings','Philippines','15');
Insert into SALESMAN (ID,NAME,COUNTRY,COMMISSION) values ('5527','Vaughan Pilger','United States','1');
Insert into SALESMAN (ID,NAME,COUNTRY,COMMISSION) values ('5528','Monika Corn','Russia','1');
Insert into SALESMAN (ID,NAME,COUNTRY,COMMISSION) values ('5529','Rufe Stobbe','Tanzania','14');
Insert into SALESMAN (ID,NAME,COUNTRY,COMMISSION) values ('5530','Twila Haly','United States','14');
Insert into SALESMAN (ID,NAME,COUNTRY,COMMISSION) values ('5531','Reube Hamon','Brazil','11');
Insert into SALESMAN (ID,NAME,COUNTRY,COMMISSION) values ('5532','Janessa Shervil','China','13');
Insert into SALESMAN (ID,NAME,COUNTRY,COMMISSION) values ('5533','Georgie Abbatt','Argentina','11');
Insert into SALESMAN (ID,NAME,COUNTRY,COMMISSION) values ('5534','Levon Bassingham','Indonesia','14');
Insert into SALESMAN (ID,NAME,COUNTRY,COMMISSION) values ('5535','Peri Teague','Colombia','13');
Insert into SALESMAN (ID,NAME,COUNTRY,COMMISSION) values ('5536','Damiano Dorey','China','12');
Insert into SALESMAN (ID,NAME,COUNTRY,COMMISSION) values ('5537','Almeria Reucastle','Mexico','15');
Insert into SALESMAN (ID,NAME,COUNTRY,COMMISSION) values ('5538','Hasty Assinder','China','12');
Insert into SALESMAN (ID,NAME,COUNTRY,COMMISSION) values ('5539','Kingsly Tamlett','Portugal','14');
Insert into SALESMAN (ID,NAME,COUNTRY,COMMISSION) values ('5540','Bernetta Todarini','Portugal','15');
Insert into SALESMAN (ID,NAME,COUNTRY,COMMISSION) values ('5541','Norene Sweetland','China','13');
Insert into SALESMAN (ID,NAME,COUNTRY,COMMISSION) values ('5542','Claude Ambler','Portugal','14');
Insert into SALESMAN (ID,NAME,COUNTRY,COMMISSION) values ('5543','Jourdain Rogeon','China','14');
Insert into SALESMAN (ID,NAME,COUNTRY,COMMISSION) values ('5544','Casandra Creane','Malaysia','14');
Insert into SALESMAN (ID,NAME,COUNTRY,COMMISSION) values ('5545','Fraser McCome','Brazil','1');
Insert into SALESMAN (ID,NAME,COUNTRY,COMMISSION) values ('5546','Tracey Whiteside','Russia','14');
Insert into SALESMAN (ID,NAME,COUNTRY,COMMISSION) values ('5547','Doll De Freitas','China','13');
Insert into SALESMAN (ID,NAME,COUNTRY,COMMISSION) values ('5548','Goran Windrus','Philippines','14');
Insert into SALESMAN (ID,NAME,COUNTRY,COMMISSION) values ('5549','Colan Rawood','France','15');
Insert into SALESMAN (ID,NAME,COUNTRY,COMMISSION) values ('5550','Ursuline Elijahu','Mexico','1');
Insert into SALESMAN (ID,NAME,COUNTRY,COMMISSION) values ('5551','Katinka Belchem','Croatia','15');
Insert into SALESMAN (ID,NAME,COUNTRY,COMMISSION) values ('5552','Almeda Chessman','Brazil','1');
Insert into SALESMAN (ID,NAME,COUNTRY,COMMISSION) values ('5553','Anson Shann','Philippines','12');
Insert into SALESMAN (ID,NAME,COUNTRY,COMMISSION) values ('5554','Grayce Matyasik','China','14');
Insert into SALESMAN (ID,NAME,COUNTRY,COMMISSION) values ('5555','Kimberlyn Chafney','Russia','13');
Insert into SALESMAN (ID,NAME,COUNTRY,COMMISSION) values ('5556','Rolph Figures','Philippines','14');
Insert into SALESMAN (ID,NAME,COUNTRY,COMMISSION) values ('5557','Cathe McCarrick','Sweden','14');
Insert into SALESMAN (ID,NAME,COUNTRY,COMMISSION) values ('5558','Sayres Guise','Nigeria','12');
Insert into SALESMAN (ID,NAME,COUNTRY,COMMISSION) values ('5559','Ursala Goozee','France','14');
Insert into SALESMAN (ID,NAME,COUNTRY,COMMISSION) values ('5560','Golda Cottel','Moldova','14');
Insert into SALESMAN (ID,NAME,COUNTRY,COMMISSION) values ('5561','Paulie Burless','Afghanistan','13');
Insert into SALESMAN (ID,NAME,COUNTRY,COMMISSION) values ('5562','Marlo Deeprose','Thailand','11');
Insert into SALESMAN (ID,NAME,COUNTRY,COMMISSION) values ('5563','Archambault Galliard','Poland','9');
Insert into SALESMAN (ID,NAME,COUNTRY,COMMISSION) values ('5564','Ki Rippin','Indonesia','13');
Insert into SALESMAN (ID,NAME,COUNTRY,COMMISSION) values ('5565','Wilburt Cavaney','Indonesia','1');
Insert into SALESMAN (ID,NAME,COUNTRY,COMMISSION) values ('5566','Beryl Shallcrass','Greece','13');
Insert into SALESMAN (ID,NAME,COUNTRY,COMMISSION) values ('5567','Maribel Lamar','China','14');
Insert into SALESMAN (ID,NAME,COUNTRY,COMMISSION) values ('5568','Silva Greenhead','Honduras','14');
Insert into SALESMAN (ID,NAME,COUNTRY,COMMISSION) values ('5569','Desiree Descroix','China','15');
Insert into SALESMAN (ID,NAME,COUNTRY,COMMISSION) values ('5570','Ludwig Logie','Thailand','15');
Insert into SALESMAN (ID,NAME,COUNTRY,COMMISSION) values ('5571','Stanwood Joriot','Philippines','13');
Insert into SALESMAN (ID,NAME,COUNTRY,COMMISSION) values ('5572','Rafaelita Llewhellin','Ireland','9');
Insert into SALESMAN (ID,NAME,COUNTRY,COMMISSION) values ('5573','Monro Lidgard','Pakistan','1');
Insert into SALESMAN (ID,NAME,COUNTRY,COMMISSION) values ('5574','Frazer Baldung','Netherlands','9');
Insert into SALESMAN (ID,NAME,COUNTRY,COMMISSION) values ('5575','Melisandra Ferretti','China','13');
Insert into SALESMAN (ID,NAME,COUNTRY,COMMISSION) values ('5576','Walker Sulley','Albania','11');
Insert into SALESMAN (ID,NAME,COUNTRY,COMMISSION) values ('5577','Aube Richings','China','14');
Insert into SALESMAN (ID,NAME,COUNTRY,COMMISSION) values ('5578','Eustace Pitkin','Indonesia','12');
Insert into SALESMAN (ID,NAME,COUNTRY,COMMISSION) values ('5579','Gibby Twallin','Canada','14');
Insert into SALESMAN (ID,NAME,COUNTRY,COMMISSION) values ('5580','Homer Gerram','Poland','12');
Insert into SALESMAN (ID,NAME,COUNTRY,COMMISSION) values ('5581','Ninnetta Carrodus','Azerbaijan','11');
Insert into SALESMAN (ID,NAME,COUNTRY,COMMISSION) values ('5582','Roxane Tine','Mali','1');
Insert into SALESMAN (ID,NAME,COUNTRY,COMMISSION) values ('5583','Catharina Kadd','United States','11');
Insert into SALESMAN (ID,NAME,COUNTRY,COMMISSION) values ('5584','Katee Vyse','China','13');
Insert into SALESMAN (ID,NAME,COUNTRY,COMMISSION) values ('5585','Rahal Gauge','Sweden','13');
Insert into SALESMAN (ID,NAME,COUNTRY,COMMISSION) values ('5586','Emmey Romeuf','Ukraine','15');
Insert into SALESMAN (ID,NAME,COUNTRY,COMMISSION) values ('5587','Ricki Wordington','Thailand','12');
Insert into SALESMAN (ID,NAME,COUNTRY,COMMISSION) values ('5588','Hilliary Taillard','Japan','14');
Insert into SALESMAN (ID,NAME,COUNTRY,COMMISSION) values ('5589','Lizbeth Wingfield','Morocco','1');
Insert into SALESMAN (ID,NAME,COUNTRY,COMMISSION) values ('5590','Cordi Grangier','Indonesia','13');
Insert into SALESMAN (ID,NAME,COUNTRY,COMMISSION) values ('5591','Estele Lattin','Central African Republic','11');
Insert into SALESMAN (ID,NAME,COUNTRY,COMMISSION) values ('5592','Bobbi Wanne','Portugal','14');
Insert into SALESMAN (ID,NAME,COUNTRY,COMMISSION) values ('5593','Abbe Delicate','Venezuela','13');
Insert into SALESMAN (ID,NAME,COUNTRY,COMMISSION) values ('5594','Chlo Reis','South Korea','15');
Insert into SALESMAN (ID,NAME,COUNTRY,COMMISSION) values ('5595','Merola Orlton','Malaysia','1');
Insert into SALESMAN (ID,NAME,COUNTRY,COMMISSION) values ('5596','Winfred Abade','Sri Lanka','1');
Insert into SALESMAN (ID,NAME,COUNTRY,COMMISSION) values ('5597','Rosalie Halbard','Lesotho','12');
Insert into SALESMAN (ID,NAME,COUNTRY,COMMISSION) values ('5598','Brennan Bim','China','11');
Insert into SALESMAN (ID,NAME,COUNTRY,COMMISSION) values ('5599','Ignacio Gamage','Philippines','11');
Insert into SALESMAN (ID,NAME,COUNTRY,COMMISSION) values ('5600','Jorey Cotesford','Greece','12');
Insert into SALESMAN (ID,NAME,COUNTRY,COMMISSION) values ('5601','Korey Alberti','Dominican Republic','1');
Insert into SALESMAN (ID,NAME,COUNTRY,COMMISSION) values ('5602','Rochester Lochet','Brazil','14');
Insert into SALESMAN (ID,NAME,COUNTRY,COMMISSION) values ('5603','Niles Blow','Malaysia','9');
Insert into SALESMAN (ID,NAME,COUNTRY,COMMISSION) values ('5604','Harmonie Gorcke','Russia','9');
Insert into SALESMAN (ID,NAME,COUNTRY,COMMISSION) values ('5605','Emilie Gorini','Philippines','1');
Insert into SALESMAN (ID,NAME,COUNTRY,COMMISSION) values ('5606','Hamnet Achrameev','Philippines','14');
Insert into SALESMAN (ID,NAME,COUNTRY,COMMISSION) values ('5607','Zsazsa Bartoszinski','China','15');
Insert into SALESMAN (ID,NAME,COUNTRY,COMMISSION) values ('5608','Bobbette Simonutti','China','15');
Insert into SALESMAN (ID,NAME,COUNTRY,COMMISSION) values ('5609','Sabina Stannett','United States','9');
Insert into SALESMAN (ID,NAME,COUNTRY,COMMISSION) values ('5610','Olenka Ambrosoni','China','12');
Insert into SALESMAN (ID,NAME,COUNTRY,COMMISSION) values ('5611','Denis Workman','Peru','1');
Insert into SALESMAN (ID,NAME,COUNTRY,COMMISSION) values ('5612','Adorne Renny','Peru','11');
Insert into SALESMAN (ID,NAME,COUNTRY,COMMISSION) values ('5613','Lynnett Babbage','Indonesia','11');
Insert into SALESMAN (ID,NAME,COUNTRY,COMMISSION) values ('5614','Etheline Boyles','Finland','15');
Insert into SALESMAN (ID,NAME,COUNTRY,COMMISSION) values ('5615','Avictor Keat','France','9');
Insert into SALESMAN (ID,NAME,COUNTRY,COMMISSION) values ('5616','Trever Bladder','China','11');
Insert into SALESMAN (ID,NAME,COUNTRY,COMMISSION) values ('5617','Gina Todarello','Brazil','13');
Insert into SALESMAN (ID,NAME,COUNTRY,COMMISSION) values ('5618','Marnia Klampk','Indonesia','14');
Insert into SALESMAN (ID,NAME,COUNTRY,COMMISSION) values ('5619','Jaine Roulston','Vietnam','1');
Insert into SALESMAN (ID,NAME,COUNTRY,COMMISSION) values ('5620','Mycah Welbeck','Brazil','11');
Insert into SALESMAN (ID,NAME,COUNTRY,COMMISSION) values ('5621','Dino Twallin','Russia','12');
Insert into SALESMAN (ID,NAME,COUNTRY,COMMISSION) values ('5622','Cristi Brimacombe','Indonesia','13');
Insert into SALESMAN (ID,NAME,COUNTRY,COMMISSION) values ('5623','Francine Rentoul','Guinea','1');
Insert into SALESMAN (ID,NAME,COUNTRY,COMMISSION) values ('5624','Clive Lage','China','12');
Insert into SALESMAN (ID,NAME,COUNTRY,COMMISSION) values ('5625','Tailor Delafont','China','11');
Insert into SALESMAN (ID,NAME,COUNTRY,COMMISSION) values ('5626','Elwin Drei','Poland','12');
Insert into SALESMAN (ID,NAME,COUNTRY,COMMISSION) values ('5627','Skipper Nevins','Indonesia','11');
Insert into SALESMAN (ID,NAME,COUNTRY,COMMISSION) values ('5628','Germain Ciottoi','France','13');
Insert into SALESMAN (ID,NAME,COUNTRY,COMMISSION) values ('5629','Lindie Pauletto','Indonesia','12');
Insert into SALESMAN (ID,NAME,COUNTRY,COMMISSION) values ('5630','Celestine Schwandermann','Greece','14');
Insert into SALESMAN (ID,NAME,COUNTRY,COMMISSION) values ('5631','Kittie McCafferty','Russia','13');
Insert into SALESMAN (ID,NAME,COUNTRY,COMMISSION) values ('5632','Caren Greyes','Pakistan','13');
Insert into SALESMAN (ID,NAME,COUNTRY,COMMISSION) values ('5633','Guenevere Tineman','Russia','13');
Insert into SALESMAN (ID,NAME,COUNTRY,COMMISSION) values ('5634','Frannie Yo','Indonesia','13');
Insert into SALESMAN (ID,NAME,COUNTRY,COMMISSION) values ('5635','Joannes Gifkins','Indonesia','1');
Insert into SALESMAN (ID,NAME,COUNTRY,COMMISSION) values ('5636','Miller Bulley','Greece','1');
Insert into SALESMAN (ID,NAME,COUNTRY,COMMISSION) values ('5637','Ashien Tredwell','Russia','14');
Insert into SALESMAN (ID,NAME,COUNTRY,COMMISSION) values ('5638','Massimiliano Fieldgate','Uganda','14');
Insert into SALESMAN (ID,NAME,COUNTRY,COMMISSION) values ('5639','Abel Hannibal','China','15');
Insert into SALESMAN (ID,NAME,COUNTRY,COMMISSION) values ('5640','Dana Cromarty','Sweden','14');
Insert into SALESMAN (ID,NAME,COUNTRY,COMMISSION) values ('5641','Rebekah Garnson','Indonesia','1');
Insert into SALESMAN (ID,NAME,COUNTRY,COMMISSION) values ('5642','Lonny Cowdroy','United States','12');
Insert into SALESMAN (ID,NAME,COUNTRY,COMMISSION) values ('5643','Amery Picott','Kazakhstan','13');
Insert into SALESMAN (ID,NAME,COUNTRY,COMMISSION) values ('5644','Nancie Bensen','Cape Verde','1');
Insert into SALESMAN (ID,NAME,COUNTRY,COMMISSION) values ('5645','Margret Lassetter','Bolivia','13');
Insert into SALESMAN (ID,NAME,COUNTRY,COMMISSION) values ('5646','Pavlov Salkeld','Russia','13');
Insert into SALESMAN (ID,NAME,COUNTRY,COMMISSION) values ('5647','Irena Sang','Philippines','11');
Insert into SALESMAN (ID,NAME,COUNTRY,COMMISSION) values ('5648','Clemmie Santhouse','Bulgaria','11');
Insert into SALESMAN (ID,NAME,COUNTRY,COMMISSION) values ('5649','Eal Jennins','France','13');
Insert into SALESMAN (ID,NAME,COUNTRY,COMMISSION) values ('5650','Wallache Clive','Czech Republic','15');
Insert into SALESMAN (ID,NAME,COUNTRY,COMMISSION) values ('5651','Hayden McCuish','China','14');
Insert into SALESMAN (ID,NAME,COUNTRY,COMMISSION) values ('5652','Atlanta Cliburn','China','1');
Insert into SALESMAN (ID,NAME,COUNTRY,COMMISSION) values ('5653','Leigh Poulsom','United States','12');
Insert into SALESMAN (ID,NAME,COUNTRY,COMMISSION) values ('5654','Jeane Hoggins','Iran','14');
Insert into SALESMAN (ID,NAME,COUNTRY,COMMISSION) values ('5655','Cooper Anwell','Colombia','13');
Insert into SALESMAN (ID,NAME,COUNTRY,COMMISSION) values ('5656','Hurlee Fundell','Thailand','11');
Insert into SALESMAN (ID,NAME,COUNTRY,COMMISSION) values ('5657','Harriott Dyneley','Canada','1');
Insert into SALESMAN (ID,NAME,COUNTRY,COMMISSION) values ('5658','Mari Pentercost','China','1');
Insert into SALESMAN (ID,NAME,COUNTRY,COMMISSION) values ('5659','Sher Morpeth','Canada','15');
Insert into SALESMAN (ID,NAME,COUNTRY,COMMISSION) values ('5660','Matthiew Tibb','Philippines','12');
Insert into SALESMAN (ID,NAME,COUNTRY,COMMISSION) values ('5661','Wendell Mechic','Poland','9');
Insert into SALESMAN (ID,NAME,COUNTRY,COMMISSION) values ('5662','Andreas Saffle','China','1');
Insert into SALESMAN (ID,NAME,COUNTRY,COMMISSION) values ('5663','Aeriela Gregersen','Canada','1');
Insert into SALESMAN (ID,NAME,COUNTRY,COMMISSION) values ('5664','Theresita Calabry','Benin','9');
Insert into SALESMAN (ID,NAME,COUNTRY,COMMISSION) values ('5665','Garvey Tomasicchio','Russia','11');
Insert into SALESMAN (ID,NAME,COUNTRY,COMMISSION) values ('5666','Jemmie Syddall','Afghanistan','13');
Insert into SALESMAN (ID,NAME,COUNTRY,COMMISSION) values ('5667','Erv Wildsmith','China','12');
Insert into SALESMAN (ID,NAME,COUNTRY,COMMISSION) values ('5668','Misty Kristoffersen','Poland','1');
Insert into SALESMAN (ID,NAME,COUNTRY,COMMISSION) values ('5669','Elwood Hellens','Sweden','12');
Insert into SALESMAN (ID,NAME,COUNTRY,COMMISSION) values ('5670','Fifine Fiske','China','15');
Insert into SALESMAN (ID,NAME,COUNTRY,COMMISSION) values ('5671','Granny Trime','China','1');
Insert into SALESMAN (ID,NAME,COUNTRY,COMMISSION) values ('5672','Orelie Doull','Indonesia','13');
Insert into SALESMAN (ID,NAME,COUNTRY,COMMISSION) values ('5673','Lou Mills','Guinea-Bissau','9');
Insert into SALESMAN (ID,NAME,COUNTRY,COMMISSION) values ('5674','Adelina Awcoate','China','11');
Insert into SALESMAN (ID,NAME,COUNTRY,COMMISSION) values ('5675','Trumann Want','Poland','11');
Insert into SALESMAN (ID,NAME,COUNTRY,COMMISSION) values ('5676','Wilona Brade','Pakistan','13');
Insert into SALESMAN (ID,NAME,COUNTRY,COMMISSION) values ('5677','Gladys Gammie','Brazil','1');
Insert into SALESMAN (ID,NAME,COUNTRY,COMMISSION) values ('5678','Mirna Fenix','Brazil','13');
Insert into SALESMAN (ID,NAME,COUNTRY,COMMISSION) values ('5679','Natassia McMorran','Brazil','13');
Insert into SALESMAN (ID,NAME,COUNTRY,COMMISSION) values ('5680','Darcy Lerwell','Sweden','13');
Insert into SALESMAN (ID,NAME,COUNTRY,COMMISSION) values ('5681','Sawyer Goodlatt','Indonesia','11');
Insert into SALESMAN (ID,NAME,COUNTRY,COMMISSION) values ('5682','Eartha Le Port','China','12');
Insert into SALESMAN (ID,NAME,COUNTRY,COMMISSION) values ('5683','Kendre Tupp','Philippines','11');
Insert into SALESMAN (ID,NAME,COUNTRY,COMMISSION) values ('5684','Addison Whyley','Greece','11');
Insert into SALESMAN (ID,NAME,COUNTRY,COMMISSION) values ('5685','Maybelle Mattiessen','China','15');
Insert into SALESMAN (ID,NAME,COUNTRY,COMMISSION) values ('5686','Angil Keyte','Japan','13');
Insert into SALESMAN (ID,NAME,COUNTRY,COMMISSION) values ('5687','Sampson Dufaur','Morocco','14');
Insert into SALESMAN (ID,NAME,COUNTRY,COMMISSION) values ('5688','Steffane Fromant','Ukraine','9');
Insert into SALESMAN (ID,NAME,COUNTRY,COMMISSION) values ('5689','Willi Purkiss','Indonesia','1');
Insert into SALESMAN (ID,NAME,COUNTRY,COMMISSION) values ('5690','Averil Wasielewicz','Slovenia','11');
Insert into SALESMAN (ID,NAME,COUNTRY,COMMISSION) values ('5691','Ravid Layfield','Poland','11');
Insert into SALESMAN (ID,NAME,COUNTRY,COMMISSION) values ('5692','Karil Emburey','Portugal','11');
Insert into SALESMAN (ID,NAME,COUNTRY,COMMISSION) values ('5693','Pasquale Forge','Peru','15');
Insert into SALESMAN (ID,NAME,COUNTRY,COMMISSION) values ('5694','Ina McNeish','Indonesia','14');
Insert into SALESMAN (ID,NAME,COUNTRY,COMMISSION) values ('5695','Leigh Rosen','Indonesia','12');
Insert into SALESMAN (ID,NAME,COUNTRY,COMMISSION) values ('5696','Lucio Egiloff','Greece','11');
Insert into SALESMAN (ID,NAME,COUNTRY,COMMISSION) values ('5697','Les Winley','Poland','11');
Insert into SALESMAN (ID,NAME,COUNTRY,COMMISSION) values ('5698','Meade Hayball','Ukraine','9');
Insert into SALESMAN (ID,NAME,COUNTRY,COMMISSION) values ('5699','Karlyn Dorrance','Indonesia','13');
Insert into SALESMAN (ID,NAME,COUNTRY,COMMISSION) values ('5700','Val Uwins','China','14');
Insert into SALESMAN (ID,NAME,COUNTRY,COMMISSION) values ('5701','Trey MacAiline','Canada','14');
Insert into SALESMAN (ID,NAME,COUNTRY,COMMISSION) values ('5702','Mario Bullant','Netherlands','12');
Insert into SALESMAN (ID,NAME,COUNTRY,COMMISSION) values ('5703','Worden Heakey','Dominican Republic','11');
Insert into SALESMAN (ID,NAME,COUNTRY,COMMISSION) values ('5704','Torie Van Leijs','Central African Republic','12');
Insert into SALESMAN (ID,NAME,COUNTRY,COMMISSION) values ('5705','Karlan Casperri','Indonesia','13');
Insert into SALESMAN (ID,NAME,COUNTRY,COMMISSION) values ('5706','Yves Duckfield','Thailand','1');
Insert into SALESMAN (ID,NAME,COUNTRY,COMMISSION) values ('5707','Marijn Darte','Yemen','11');
Insert into SALESMAN (ID,NAME,COUNTRY,COMMISSION) values ('5708','Dominique Kapelhoff','Mongolia','14');
Insert into SALESMAN (ID,NAME,COUNTRY,COMMISSION) values ('5709','Becca Skelly','Indonesia','13');
Insert into SALESMAN (ID,NAME,COUNTRY,COMMISSION) values ('5710','Christalle Pettisall','Uganda','14');
Insert into SALESMAN (ID,NAME,COUNTRY,COMMISSION) values ('5711','Shaun Wharram','Panama','12');
Insert into SALESMAN (ID,NAME,COUNTRY,COMMISSION) values ('5712','Nicolai Stollenbeck','Costa Rica','12');
Insert into SALESMAN (ID,NAME,COUNTRY,COMMISSION) values ('5713','Florella Halfhide','China','1');
Insert into SALESMAN (ID,NAME,COUNTRY,COMMISSION) values ('5714','Bird Caillou','Paraguay','15');
Insert into SALESMAN (ID,NAME,COUNTRY,COMMISSION) values ('5715','Dani Le Guin','Brazil','14');
Insert into SALESMAN (ID,NAME,COUNTRY,COMMISSION) values ('5716','Gustie Pitcher','China','14');
Insert into SALESMAN (ID,NAME,COUNTRY,COMMISSION) values ('5717','Elayne Roderham','Indonesia','14');
Insert into SALESMAN (ID,NAME,COUNTRY,COMMISSION) values ('5718','Linoel McGillacoell','China','12');
Insert into SALESMAN (ID,NAME,COUNTRY,COMMISSION) values ('5719','Gwenette Wyldbore','Sri Lanka','1');
Insert into SALESMAN (ID,NAME,COUNTRY,COMMISSION) values ('5720','Eustacia Hancock','Canada','11');
Insert into SALESMAN (ID,NAME,COUNTRY,COMMISSION) values ('5721','Ericka Doolan','China','1');
Insert into SALESMAN (ID,NAME,COUNTRY,COMMISSION) values ('5722','Wood Benedicte','Brazil','14');
Insert into SALESMAN (ID,NAME,COUNTRY,COMMISSION) values ('5723','Rosalynd Quirk','Brazil','9');
Insert into SALESMAN (ID,NAME,COUNTRY,COMMISSION) values ('5724','Petronilla Churchard','China','1');
Insert into SALESMAN (ID,NAME,COUNTRY,COMMISSION) values ('5725','Faydra Arton','Sri Lanka','14');
Insert into SALESMAN (ID,NAME,COUNTRY,COMMISSION) values ('5726','Joelie Tissiman','Peru','9');
Insert into SALESMAN (ID,NAME,COUNTRY,COMMISSION) values ('5727','Inness Steuhlmeyer','Indonesia','14');
Insert into SALESMAN (ID,NAME,COUNTRY,COMMISSION) values ('5728','Isaak Celand','Canada','11');
Insert into SALESMAN (ID,NAME,COUNTRY,COMMISSION) values ('5729','Maryanna Turbat','China','14');
Insert into SALESMAN (ID,NAME,COUNTRY,COMMISSION) values ('5730','Judon Smedley','Macedonia','1');
Insert into SALESMAN (ID,NAME,COUNTRY,COMMISSION) values ('5731','Sayers Zarfat','Poland','14');
Insert into SALESMAN (ID,NAME,COUNTRY,COMMISSION) values ('5732','Upton Vamplew','Poland','14');
Insert into SALESMAN (ID,NAME,COUNTRY,COMMISSION) values ('5733','Bartlet Carbin','Kuwait','1');
Insert into SALESMAN (ID,NAME,COUNTRY,COMMISSION) values ('5734','Patton Stammer','Sweden','14');
Insert into SALESMAN (ID,NAME,COUNTRY,COMMISSION) values ('5735','Billie Moulds','Egypt','11');
Insert into SALESMAN (ID,NAME,COUNTRY,COMMISSION) values ('5736','Jerrine Blaasch','China','9');
Insert into SALESMAN (ID,NAME,COUNTRY,COMMISSION) values ('5737','Clemmy Cork','Indonesia','12');
Insert into SALESMAN (ID,NAME,COUNTRY,COMMISSION) values ('5738','Shandeigh McGuiness','Poland','1');
Insert into SALESMAN (ID,NAME,COUNTRY,COMMISSION) values ('5739','Luise Hallagan','France','11');
Insert into SALESMAN (ID,NAME,COUNTRY,COMMISSION) values ('5740','Julita Hakewell','China','12');
Insert into SALESMAN (ID,NAME,COUNTRY,COMMISSION) values ('5741','Herminia Banting','France','14');
Insert into SALESMAN (ID,NAME,COUNTRY,COMMISSION) values ('5742','Deidre Daunay','Ukraine','11');
Insert into SALESMAN (ID,NAME,COUNTRY,COMMISSION) values ('5743','Agnola Ebbage','China','14');
Insert into SALESMAN (ID,NAME,COUNTRY,COMMISSION) values ('5744','Luise Scamel','Japan','1');
Insert into SALESMAN (ID,NAME,COUNTRY,COMMISSION) values ('5745','Sharla Dudill','Canada','15');
Insert into SALESMAN (ID,NAME,COUNTRY,COMMISSION) values ('5746','Waldo Crummey','Poland','1');
Insert into SALESMAN (ID,NAME,COUNTRY,COMMISSION) values ('5747','Kingsley Havock','Philippines','14');
Insert into SALESMAN (ID,NAME,COUNTRY,COMMISSION) values ('5748','Veronika Stockill','China','15');
Insert into SALESMAN (ID,NAME,COUNTRY,COMMISSION) values ('5749','Dewie Hebbron','Czech Republic','9');
Insert into SALESMAN (ID,NAME,COUNTRY,COMMISSION) values ('5750','Huntington Aizikovitz','China','14');
Insert into SALESMAN (ID,NAME,COUNTRY,COMMISSION) values ('5751','Doralia Mannagh','Angola','14');
Insert into SALESMAN (ID,NAME,COUNTRY,COMMISSION) values ('5752','Domeniga Clewett','China','9');
Insert into SALESMAN (ID,NAME,COUNTRY,COMMISSION) values ('5753','Rudy Paty','Morocco','11');
Insert into SALESMAN (ID,NAME,COUNTRY,COMMISSION) values ('5754','Noelle Fantini','Slovenia','13');
Insert into SALESMAN (ID,NAME,COUNTRY,COMMISSION) values ('5755','Maye Verman','Mali','12');
Insert into SALESMAN (ID,NAME,COUNTRY,COMMISSION) values ('5756','Sloan Shovel','Argentina','15');
Insert into SALESMAN (ID,NAME,COUNTRY,COMMISSION) values ('5757','Darrin Bickle','China','15');
Insert into SALESMAN (ID,NAME,COUNTRY,COMMISSION) values ('5758','Grace Littefair','Kenya','15');
Insert into SALESMAN (ID,NAME,COUNTRY,COMMISSION) values ('5759','Mill Payle','China','14');
Insert into SALESMAN (ID,NAME,COUNTRY,COMMISSION) values ('5760','Wini Dorricott','China','15');
Insert into SALESMAN (ID,NAME,COUNTRY,COMMISSION) values ('5761','Thorvald See','Philippines','1');
Insert into SALESMAN (ID,NAME,COUNTRY,COMMISSION) values ('5762','Cesare Luna','Greece','1');
Insert into SALESMAN (ID,NAME,COUNTRY,COMMISSION) values ('5763','Natalee Toohey','Israel','15');
Insert into SALESMAN (ID,NAME,COUNTRY,COMMISSION) values ('5764','Rodrique Geillier','Indonesia','11');
Insert into SALESMAN (ID,NAME,COUNTRY,COMMISSION) values ('5765','Lari Critzen','Indonesia','12');
Insert into SALESMAN (ID,NAME,COUNTRY,COMMISSION) values ('5766','Matilda Codrington','United Kingdom','1');
Insert into SALESMAN (ID,NAME,COUNTRY,COMMISSION) values ('5767','Raffarty Jizhaki','China','11');
Insert into SALESMAN (ID,NAME,COUNTRY,COMMISSION) values ('5768','Ewan Gauson','South Africa','13');
Insert into SALESMAN (ID,NAME,COUNTRY,COMMISSION) values ('5769','Amata Wilber','Denmark','14');
Insert into SALESMAN (ID,NAME,COUNTRY,COMMISSION) values ('5770','Enrica Udden','Japan','1');
Insert into SALESMAN (ID,NAME,COUNTRY,COMMISSION) values ('5771','Prudy Veighey','Egypt','14');
Insert into SALESMAN (ID,NAME,COUNTRY,COMMISSION) values ('5772','Fleurette Brogioni','Colombia','14');
Insert into SALESMAN (ID,NAME,COUNTRY,COMMISSION) values ('5773','Randolph Rickett','Peru','15');
Insert into SALESMAN (ID,NAME,COUNTRY,COMMISSION) values ('5774','Brice Byer','Serbia','9');
Insert into SALESMAN (ID,NAME,COUNTRY,COMMISSION) values ('5775','Eadith Islep','Japan','11');
Insert into SALESMAN (ID,NAME,COUNTRY,COMMISSION) values ('5776','Astra Lerigo','China','13');
Insert into SALESMAN (ID,NAME,COUNTRY,COMMISSION) values ('5777','Francesca Lafaye','Brazil','9');
Insert into SALESMAN (ID,NAME,COUNTRY,COMMISSION) values ('5778','Diahann Bortolozzi','China','1');
Insert into SALESMAN (ID,NAME,COUNTRY,COMMISSION) values ('5779','Leslie Pasmore','China','15');
Insert into SALESMAN (ID,NAME,COUNTRY,COMMISSION) values ('5780','Pearl Motton','China','12');
Insert into SALESMAN (ID,NAME,COUNTRY,COMMISSION) values ('5781','Fionna Domel','Peru','9');
Insert into SALESMAN (ID,NAME,COUNTRY,COMMISSION) values ('5782','Josy Blaw','Thailand','11');
Insert into SALESMAN (ID,NAME,COUNTRY,COMMISSION) values ('5783','Donnie Blunkett','Indonesia','12');
Insert into SALESMAN (ID,NAME,COUNTRY,COMMISSION) values ('5784','Vassili Delle','China','14');
Insert into SALESMAN (ID,NAME,COUNTRY,COMMISSION) values ('5785','Sharl Garrelts','China','14');
Insert into SALESMAN (ID,NAME,COUNTRY,COMMISSION) values ('5786','Pearce Ryman','Russia','12');
Insert into SALESMAN (ID,NAME,COUNTRY,COMMISSION) values ('5787','Maisie Kilvington','Poland','15');
Insert into SALESMAN (ID,NAME,COUNTRY,COMMISSION) values ('5788','Raddy Nollet','China','14');
Insert into SALESMAN (ID,NAME,COUNTRY,COMMISSION) values ('5789','Moise Gunton','Belgium','11');
Insert into SALESMAN (ID,NAME,COUNTRY,COMMISSION) values ('5790','Berty Cookney','United States','13');
Insert into SALESMAN (ID,NAME,COUNTRY,COMMISSION) values ('5791','Janelle Noen','Peru','12');
Insert into SALESMAN (ID,NAME,COUNTRY,COMMISSION) values ('5792','Carolina Trynor','Portugal','1');
Insert into SALESMAN (ID,NAME,COUNTRY,COMMISSION) values ('5793','Lyndsey Vassman','France','11');
Insert into SALESMAN (ID,NAME,COUNTRY,COMMISSION) values ('5794','Waverley Stoppe','China','12');
Insert into SALESMAN (ID,NAME,COUNTRY,COMMISSION) values ('5795','Codi Banisch','Russia','14');
Insert into SALESMAN (ID,NAME,COUNTRY,COMMISSION) values ('5796','Karla Senyard','France','11');
Insert into SALESMAN (ID,NAME,COUNTRY,COMMISSION) values ('5797','Howard Ratcliffe','Philippines','13');
Insert into SALESMAN (ID,NAME,COUNTRY,COMMISSION) values ('5798','Vick Winckworth','Peru','15');
Insert into SALESMAN (ID,NAME,COUNTRY,COMMISSION) values ('5799','Mervin Stronach','China','9');
Insert into SALESMAN (ID,NAME,COUNTRY,COMMISSION) values ('5800','Keefe Gerding','China','12');
Insert into SALESMAN (ID,NAME,COUNTRY,COMMISSION) values ('5801','Beverlee Dennis','Japan','1');
Insert into SALESMAN (ID,NAME,COUNTRY,COMMISSION) values ('5802','Gabbie Shirtliff','China','11');
Insert into SALESMAN (ID,NAME,COUNTRY,COMMISSION) values ('5803','Galven Norree','Albania','1');
Insert into SALESMAN (ID,NAME,COUNTRY,COMMISSION) values ('5804','Jeddy Kewley','Portugal','15');
Insert into SALESMAN (ID,NAME,COUNTRY,COMMISSION) values ('5805','Darlene Burgoin','Indonesia','14');
Insert into SALESMAN (ID,NAME,COUNTRY,COMMISSION) values ('5806','Emma Gage','Finland','13');
Insert into SALESMAN (ID,NAME,COUNTRY,COMMISSION) values ('5807','Loise Episcopi','China','13');
Insert into SALESMAN (ID,NAME,COUNTRY,COMMISSION) values ('5808','Robena Gloy','France','13');
Insert into SALESMAN (ID,NAME,COUNTRY,COMMISSION) values ('5809','Kellen Ferrarotti','China','9');
Insert into SALESMAN (ID,NAME,COUNTRY,COMMISSION) values ('5810','Gusta Perris','Russia','12');
Insert into SALESMAN (ID,NAME,COUNTRY,COMMISSION) values ('5811','Irene Scarborough','Russia','12');
Insert into SALESMAN (ID,NAME,COUNTRY,COMMISSION) values ('5812','Woodrow Cridlon','Indonesia','12');
Insert into SALESMAN (ID,NAME,COUNTRY,COMMISSION) values ('5813','Grenville Callam','Egypt','14');
Insert into SALESMAN (ID,NAME,COUNTRY,COMMISSION) values ('5814','Artair Shere','Philippines','11');
Insert into SALESMAN (ID,NAME,COUNTRY,COMMISSION) values ('5815','Arlan McGunley','Indonesia','15');
Insert into SALESMAN (ID,NAME,COUNTRY,COMMISSION) values ('5816','Judith Shotter','Russia','1');
Insert into SALESMAN (ID,NAME,COUNTRY,COMMISSION) values ('5817','Hubey Yve','Afghanistan','13');
Insert into SALESMAN (ID,NAME,COUNTRY,COMMISSION) values ('5818','Meredith Szach','Togo','13');
Insert into SALESMAN (ID,NAME,COUNTRY,COMMISSION) values ('5819','Wynn Death','Peru','14');
Insert into SALESMAN (ID,NAME,COUNTRY,COMMISSION) values ('5820','Joanna Ace','South Africa','11');
Insert into SALESMAN (ID,NAME,COUNTRY,COMMISSION) values ('5821','Vince Andor','Indonesia','1');
Insert into SALESMAN (ID,NAME,COUNTRY,COMMISSION) values ('5822','Carla Brabon','Indonesia','11');
Insert into SALESMAN (ID,NAME,COUNTRY,COMMISSION) values ('5823','Waverley Hairs','Indonesia','11');
Insert into SALESMAN (ID,NAME,COUNTRY,COMMISSION) values ('5824','Shannen Proby','Bulgaria','15');
Insert into SALESMAN (ID,NAME,COUNTRY,COMMISSION) values ('5825','Gregorio Bartolomieu','Russia','14');
Insert into SALESMAN (ID,NAME,COUNTRY,COMMISSION) values ('5826','Callean Bunting','Brazil','1');
Insert into SALESMAN (ID,NAME,COUNTRY,COMMISSION) values ('5827','Gertrud Battin','Sweden','14');
Insert into SALESMAN (ID,NAME,COUNTRY,COMMISSION) values ('5828','Ronni MacGillivrie','Poland','15');
Insert into SALESMAN (ID,NAME,COUNTRY,COMMISSION) values ('5829','Morley Raiment','China','11');
Insert into SALESMAN (ID,NAME,COUNTRY,COMMISSION) values ('5830','Elsie Garlant','Tanzania','13');
Insert into SALESMAN (ID,NAME,COUNTRY,COMMISSION) values ('5831','Benni Sibyllina','Ivory Coast','12');
Insert into SALESMAN (ID,NAME,COUNTRY,COMMISSION) values ('5832','Elfrida Haskell','China','11');
Insert into SALESMAN (ID,NAME,COUNTRY,COMMISSION) values ('5833','Ellynn MacKereth','Maldives','1');
Insert into SALESMAN (ID,NAME,COUNTRY,COMMISSION) values ('5834','Margareta Whisby','Philippines','12');
Insert into SALESMAN (ID,NAME,COUNTRY,COMMISSION) values ('5835','Omar Clericoates','Kazakhstan','1');
Insert into SALESMAN (ID,NAME,COUNTRY,COMMISSION) values ('5836','Josy Wong','Afghanistan','1');
Insert into SALESMAN (ID,NAME,COUNTRY,COMMISSION) values ('5837','Marta Latch','China','13');
Insert into SALESMAN (ID,NAME,COUNTRY,COMMISSION) values ('5838','Mersey McInulty','China','11');
Insert into SALESMAN (ID,NAME,COUNTRY,COMMISSION) values ('5839','Chrisy Risely','Mongolia','9');
Insert into SALESMAN (ID,NAME,COUNTRY,COMMISSION) values ('5840','Bartolemo Bantham','Portugal','9');
Insert into SALESMAN (ID,NAME,COUNTRY,COMMISSION) values ('5841','Marve Wash','China','13');
Insert into SALESMAN (ID,NAME,COUNTRY,COMMISSION) values ('5842','Maure Domniney','Poland','9');
Insert into SALESMAN (ID,NAME,COUNTRY,COMMISSION) values ('5843','Gabriellia Masser','Chile','13');
Insert into SALESMAN (ID,NAME,COUNTRY,COMMISSION) values ('5844','Nat Alexandre','Japan','12');
Insert into SALESMAN (ID,NAME,COUNTRY,COMMISSION) values ('5845','Celka Brett','China','14');
Insert into SALESMAN (ID,NAME,COUNTRY,COMMISSION) values ('5846','Dillie Pinckney','China','11');
Insert into SALESMAN (ID,NAME,COUNTRY,COMMISSION) values ('5847','Fayre Clines','Armenia','14');
Insert into SALESMAN (ID,NAME,COUNTRY,COMMISSION) values ('5848','Herta Doorly','China','1');
Insert into SALESMAN (ID,NAME,COUNTRY,COMMISSION) values ('5849','Saunders Ruddin','Faroe Islands','13');
Insert into SALESMAN (ID,NAME,COUNTRY,COMMISSION) values ('5850','Grover McGoldrick','Spain','11');
Insert into SALESMAN (ID,NAME,COUNTRY,COMMISSION) values ('5851','Bibbye Revell','Indonesia','1');
Insert into SALESMAN (ID,NAME,COUNTRY,COMMISSION) values ('5852','Cherin L''oiseau','China','11');
Insert into SALESMAN (ID,NAME,COUNTRY,COMMISSION) values ('5853','Mignon Hallibone','France','11');
Insert into SALESMAN (ID,NAME,COUNTRY,COMMISSION) values ('5854','Chad Clouter','Indonesia','13');
Insert into SALESMAN (ID,NAME,COUNTRY,COMMISSION) values ('5855','Rowen Coverdale','Sierra Leone','11');
Insert into SALESMAN (ID,NAME,COUNTRY,COMMISSION) values ('5856','Helaine Edelmann','North Korea','14');
Insert into SALESMAN (ID,NAME,COUNTRY,COMMISSION) values ('5857','Saunder Lafond','Peru','12');
Insert into SALESMAN (ID,NAME,COUNTRY,COMMISSION) values ('5858','Hadria Latek','South Korea','9');
Insert into SALESMAN (ID,NAME,COUNTRY,COMMISSION) values ('5859','Dominick Axtonne','Indonesia','11');
Insert into SALESMAN (ID,NAME,COUNTRY,COMMISSION) values ('5860','Claiborn Bengtson','China','15');
Insert into SALESMAN (ID,NAME,COUNTRY,COMMISSION) values ('5861','Abelard Rate','Canada','1');
Insert into SALESMAN (ID,NAME,COUNTRY,COMMISSION) values ('5862','Berty De Bischof','Indonesia','14');
Insert into SALESMAN (ID,NAME,COUNTRY,COMMISSION) values ('5863','Buck Mushett','Indonesia','14');
Insert into SALESMAN (ID,NAME,COUNTRY,COMMISSION) values ('5864','Rorie Taft','Canada','15');
Insert into SALESMAN (ID,NAME,COUNTRY,COMMISSION) values ('5865','Caroline Wheeler','Brazil','11');
Insert into SALESMAN (ID,NAME,COUNTRY,COMMISSION) values ('5866','Inglis Ayliff','Thailand','1');
Insert into SALESMAN (ID,NAME,COUNTRY,COMMISSION) values ('5867','Christabella Lauxmann','Costa Rica','11');
Insert into SALESMAN (ID,NAME,COUNTRY,COMMISSION) values ('5868','Sheilah Acome','China','13');
Insert into SALESMAN (ID,NAME,COUNTRY,COMMISSION) values ('5869','Roseann Djurdjevic','United Kingdom','13');
Insert into SALESMAN (ID,NAME,COUNTRY,COMMISSION) values ('5870','Carlyn Bushen','China','11');
Insert into SALESMAN (ID,NAME,COUNTRY,COMMISSION) values ('5871','Anastasie Chave','South Korea','1');
Insert into SALESMAN (ID,NAME,COUNTRY,COMMISSION) values ('5872','Vernen Demsey','Brazil','1');
Insert into SALESMAN (ID,NAME,COUNTRY,COMMISSION) values ('5873','Kissie Leys','Indonesia','9');
Insert into SALESMAN (ID,NAME,COUNTRY,COMMISSION) values ('5874','Ryley Clarricoates','Philippines','14');
Insert into SALESMAN (ID,NAME,COUNTRY,COMMISSION) values ('5875','Antoni Cucinotta','China','12');
Insert into SALESMAN (ID,NAME,COUNTRY,COMMISSION) values ('5876','Lenora Daulton','Peru','11');
Insert into SALESMAN (ID,NAME,COUNTRY,COMMISSION) values ('5877','Mariska Grout','United Arab Emirates','13');
Insert into SALESMAN (ID,NAME,COUNTRY,COMMISSION) values ('5878','Norbie Frith','Russia','1');
Insert into SALESMAN (ID,NAME,COUNTRY,COMMISSION) values ('5879','Benedetto Copping','Ethiopia','14');
Insert into SALESMAN (ID,NAME,COUNTRY,COMMISSION) values ('5880','Cherice Chree','Vietnam','11');
Insert into SALESMAN (ID,NAME,COUNTRY,COMMISSION) values ('5881','Lola Icom','Indonesia','13');
Insert into SALESMAN (ID,NAME,COUNTRY,COMMISSION) values ('5882','Melitta Pemble','Tanzania','14');
Insert into SALESMAN (ID,NAME,COUNTRY,COMMISSION) values ('5883','Marybeth Quarles','Bosnia and Herzegovina','12');
Insert into SALESMAN (ID,NAME,COUNTRY,COMMISSION) values ('5884','Perice Bergstrand','Ireland','13');
Insert into SALESMAN (ID,NAME,COUNTRY,COMMISSION) values ('5885','Aubrey Blackhall','China','12');
Insert into SALESMAN (ID,NAME,COUNTRY,COMMISSION) values ('5886','Linnea Redwood','United Kingdom','12');
Insert into SALESMAN (ID,NAME,COUNTRY,COMMISSION) values ('5887','Forster Sharman','Greece','14');
Insert into SALESMAN (ID,NAME,COUNTRY,COMMISSION) values ('5888','Tony Roseman','Indonesia','11');
Insert into SALESMAN (ID,NAME,COUNTRY,COMMISSION) values ('5889','Sandro Skace','Serbia','1');
Insert into SALESMAN (ID,NAME,COUNTRY,COMMISSION) values ('5890','Javier Bradberry','Sweden','14');
Insert into SALESMAN (ID,NAME,COUNTRY,COMMISSION) values ('5891','Berk Woof','Indonesia','1');
Insert into SALESMAN (ID,NAME,COUNTRY,COMMISSION) values ('5892','Bathsheba Kehoe','Russia','12');
Insert into SALESMAN (ID,NAME,COUNTRY,COMMISSION) values ('5893','Sophey Capstake','Portugal','15');
Insert into SALESMAN (ID,NAME,COUNTRY,COMMISSION) values ('5894','Matthew Galilee','Vietnam','11');
Insert into SALESMAN (ID,NAME,COUNTRY,COMMISSION) values ('5895','Alexi Oliver','Israel','1');
Insert into SALESMAN (ID,NAME,COUNTRY,COMMISSION) values ('5896','Wainwright Finby','China','14');
Insert into SALESMAN (ID,NAME,COUNTRY,COMMISSION) values ('5897','Christi Chaikovski','Brazil','1');
Insert into SALESMAN (ID,NAME,COUNTRY,COMMISSION) values ('5898','Caren Lagadu','China','13');
Insert into SALESMAN (ID,NAME,COUNTRY,COMMISSION) values ('5899','Creigh Ladon','Vietnam','11');
Insert into SALESMAN (ID,NAME,COUNTRY,COMMISSION) values ('5900','Donny Chattelaine','Tanzania','15');
Insert into SALESMAN (ID,NAME,COUNTRY,COMMISSION) values ('5901','Haydon Bellham','Ukraine','12');
Insert into SALESMAN (ID,NAME,COUNTRY,COMMISSION) values ('5902','Carlyle Liddyard','Philippines','9');
Insert into SALESMAN (ID,NAME,COUNTRY,COMMISSION) values ('5903','Tabor Pywell','Philippines','14');
Insert into SALESMAN (ID,NAME,COUNTRY,COMMISSION) values ('5904','Lori Gardener','Russia','12');
Insert into SALESMAN (ID,NAME,COUNTRY,COMMISSION) values ('5905','Thorny Halt','Russia','13');
Insert into SALESMAN (ID,NAME,COUNTRY,COMMISSION) values ('5906','Greggory Durham','Russia','1');
Insert into SALESMAN (ID,NAME,COUNTRY,COMMISSION) values ('5907','Demeter Linnit','Serbia','15');
Insert into SALESMAN (ID,NAME,COUNTRY,COMMISSION) values ('5908','Callida Deplacido','China','12');
Insert into SALESMAN (ID,NAME,COUNTRY,COMMISSION) values ('5909','Pepi Halksworth','Philippines','13');
Insert into SALESMAN (ID,NAME,COUNTRY,COMMISSION) values ('5910','Fannie Vaillant','Venezuela','14');
Insert into SALESMAN (ID,NAME,COUNTRY,COMMISSION) values ('5911','Tibold Langtree','Australia','1');
Insert into SALESMAN (ID,NAME,COUNTRY,COMMISSION) values ('5912','Halli Setchell','China','13');
Insert into SALESMAN (ID,NAME,COUNTRY,COMMISSION) values ('5913','Milicent Jeanin','Indonesia','15');
Insert into SALESMAN (ID,NAME,COUNTRY,COMMISSION) values ('5914','Merrick Dowle','Russia','12');
Insert into SALESMAN (ID,NAME,COUNTRY,COMMISSION) values ('5915','Antonio Muffen','China','9');
Insert into SALESMAN (ID,NAME,COUNTRY,COMMISSION) values ('5916','Nomi Soars','Ethiopia','1');
Insert into SALESMAN (ID,NAME,COUNTRY,COMMISSION) values ('5917','Gilli Arundel','China','12');
Insert into SALESMAN (ID,NAME,COUNTRY,COMMISSION) values ('5918','Gustie Roderick','Colombia','14');
Insert into SALESMAN (ID,NAME,COUNTRY,COMMISSION) values ('5919','Chip Kiely','China','13');
Insert into SALESMAN (ID,NAME,COUNTRY,COMMISSION) values ('5920','Chickie Naptin','Vietnam','12');
Insert into SALESMAN (ID,NAME,COUNTRY,COMMISSION) values ('5921','Carter Dashkovich','Netherlands','14');
Insert into SALESMAN (ID,NAME,COUNTRY,COMMISSION) values ('5922','Britte Rothery','Uganda','13');
Insert into SALESMAN (ID,NAME,COUNTRY,COMMISSION) values ('5923','Laureen Sharple','China','14');
Insert into SALESMAN (ID,NAME,COUNTRY,COMMISSION) values ('5924','Allsun Seldon','Philippines','9');
Insert into SALESMAN (ID,NAME,COUNTRY,COMMISSION) values ('5925','Clarey Yanov','Canada','1');
Insert into SALESMAN (ID,NAME,COUNTRY,COMMISSION) values ('5926','Ronny McKeurton','Argentina','1');
Insert into SALESMAN (ID,NAME,COUNTRY,COMMISSION) values ('5927','Mace McNish','Russia','14');
Insert into SALESMAN (ID,NAME,COUNTRY,COMMISSION) values ('5928','Annora Sworne','Philippines','14');
Insert into SALESMAN (ID,NAME,COUNTRY,COMMISSION) values ('5929','Dag Halston','Kenya','1');
Insert into SALESMAN (ID,NAME,COUNTRY,COMMISSION) values ('5930','Waneta Folini','Indonesia','1');
Insert into SALESMAN (ID,NAME,COUNTRY,COMMISSION) values ('5931','Dulcie Kitchen','Japan','1');
Insert into SALESMAN (ID,NAME,COUNTRY,COMMISSION) values ('5932','Clemmy Vallis','Japan','13');
Insert into SALESMAN (ID,NAME,COUNTRY,COMMISSION) values ('5933','Jere Snellman','Armenia','1');
Insert into SALESMAN (ID,NAME,COUNTRY,COMMISSION) values ('5934','Nolan Houston','China','13');
Insert into SALESMAN (ID,NAME,COUNTRY,COMMISSION) values ('5935','Abbey Brusby','Peru','14');
Insert into SALESMAN (ID,NAME,COUNTRY,COMMISSION) values ('5936','Ban Hearsum','Philippines','1');
Insert into SALESMAN (ID,NAME,COUNTRY,COMMISSION) values ('5937','Addy Gasson','Czech Republic','12');
Insert into SALESMAN (ID,NAME,COUNTRY,COMMISSION) values ('5938','Miquela Cookley','Malaysia','12');
Insert into SALESMAN (ID,NAME,COUNTRY,COMMISSION) values ('5939','Ginelle Vedeshkin','Portugal','15');
Insert into SALESMAN (ID,NAME,COUNTRY,COMMISSION) values ('5940','Del Whaley','Comoros','11');
Insert into SALESMAN (ID,NAME,COUNTRY,COMMISSION) values ('5941','Tomas Melody','Belarus','12');
Insert into SALESMAN (ID,NAME,COUNTRY,COMMISSION) values ('5942','Vale Reddan','China','11');
Insert into SALESMAN (ID,NAME,COUNTRY,COMMISSION) values ('5943','Druci Loveredge','Philippines','15');
Insert into SALESMAN (ID,NAME,COUNTRY,COMMISSION) values ('5944','Melodee Robberecht','Thailand','14');
Insert into SALESMAN (ID,NAME,COUNTRY,COMMISSION) values ('5945','Franky Prestie','Colombia','12');
Insert into SALESMAN (ID,NAME,COUNTRY,COMMISSION) values ('5946','Brendin Jizhaki','Poland','11');
Insert into SALESMAN (ID,NAME,COUNTRY,COMMISSION) values ('5947','Greg Inold','Russia','13');
Insert into SALESMAN (ID,NAME,COUNTRY,COMMISSION) values ('5948','William Lerner','Libya','14');
Insert into SALESMAN (ID,NAME,COUNTRY,COMMISSION) values ('5949','Lesya Iannetti','Netherlands','12');
Insert into SALESMAN (ID,NAME,COUNTRY,COMMISSION) values ('5950','Sharron Perrottet','Belarus','14');
Insert into SALESMAN (ID,NAME,COUNTRY,COMMISSION) values ('5951','Gerrie Snazel','Peru','14');
Insert into SALESMAN (ID,NAME,COUNTRY,COMMISSION) values ('5952','Irwinn Penniall','Portugal','13');
Insert into SALESMAN (ID,NAME,COUNTRY,COMMISSION) values ('5953','Cord Luca','Poland','9');
Insert into SALESMAN (ID,NAME,COUNTRY,COMMISSION) values ('5954','Broddy Pabel','Indonesia','14');
Insert into SALESMAN (ID,NAME,COUNTRY,COMMISSION) values ('5955','Emanuel Mcwhinney','Portugal','12');
Insert into SALESMAN (ID,NAME,COUNTRY,COMMISSION) values ('5956','Kirsti Heitz','Mongolia','12');
Insert into SALESMAN (ID,NAME,COUNTRY,COMMISSION) values ('5957','Denni Gonnelly','Indonesia','11');
Insert into SALESMAN (ID,NAME,COUNTRY,COMMISSION) values ('5958','Thayne Stalman','Indonesia','11');
Insert into SALESMAN (ID,NAME,COUNTRY,COMMISSION) values ('5959','Cory Tolputt','Chile','13');
Insert into SALESMAN (ID,NAME,COUNTRY,COMMISSION) values ('5960','Shantee Castenda','Russia','13');
Insert into SALESMAN (ID,NAME,COUNTRY,COMMISSION) values ('5961','Fraser Wisniewski','Poland','1');
Insert into SALESMAN (ID,NAME,COUNTRY,COMMISSION) values ('5962','Sallyanne Whittock','Indonesia','1');
Insert into SALESMAN (ID,NAME,COUNTRY,COMMISSION) values ('5963','Filide Newton','Zambia','12');
Insert into SALESMAN (ID,NAME,COUNTRY,COMMISSION) values ('5964','Brander Nesbitt','Democratic Republic of the Congo','11');
Insert into SALESMAN (ID,NAME,COUNTRY,COMMISSION) values ('5965','Farlay Baffin','Brazil','14');
Insert into SALESMAN (ID,NAME,COUNTRY,COMMISSION) values ('5966','Frederich Iveson','Brazil','12');
Insert into SALESMAN (ID,NAME,COUNTRY,COMMISSION) values ('5967','Samantha Woolard','China','1');
Insert into SALESMAN (ID,NAME,COUNTRY,COMMISSION) values ('5968','Mira Burtwistle','Argentina','14');
Insert into SALESMAN (ID,NAME,COUNTRY,COMMISSION) values ('5969','Giraud Disbrow','Mexico','1');
Insert into SALESMAN (ID,NAME,COUNTRY,COMMISSION) values ('5970','Torin Bediss','Indonesia','14');
Insert into SALESMAN (ID,NAME,COUNTRY,COMMISSION) values ('5971','Yul Carville','Brazil','11');
Insert into SALESMAN (ID,NAME,COUNTRY,COMMISSION) values ('5972','Gilbert Gallyhaock','Tanzania','14');
Insert into SALESMAN (ID,NAME,COUNTRY,COMMISSION) values ('5973','Madalyn Humpatch','Philippines','11');
Insert into SALESMAN (ID,NAME,COUNTRY,COMMISSION) values ('5974','Fae Gayforth','China','12');
Insert into SALESMAN (ID,NAME,COUNTRY,COMMISSION) values ('5975','Carola Lincey','Finland','11');
Insert into SALESMAN (ID,NAME,COUNTRY,COMMISSION) values ('5976','Jeremy Housegoe','Russia','13');
Insert into SALESMAN (ID,NAME,COUNTRY,COMMISSION) values ('5977','Vinita Flounders','Philippines','9');
Insert into SALESMAN (ID,NAME,COUNTRY,COMMISSION) values ('5978','Sigfrid Vaughton','China','9');
Insert into SALESMAN (ID,NAME,COUNTRY,COMMISSION) values ('5979','Maynard Clementi','Indonesia','15');
Insert into SALESMAN (ID,NAME,COUNTRY,COMMISSION) values ('5980','Enrika Sheddan','Iran','13');
Insert into SALESMAN (ID,NAME,COUNTRY,COMMISSION) values ('5981','Lani Jorger','Indonesia','13');
Insert into SALESMAN (ID,NAME,COUNTRY,COMMISSION) values ('5982','Heddie Gorton','Iraq','14');
Insert into SALESMAN (ID,NAME,COUNTRY,COMMISSION) values ('5983','Emelda Jantet','Ukraine','15');
Insert into SALESMAN (ID,NAME,COUNTRY,COMMISSION) values ('5984','Michelle Hambidge','Jordan','1');
Insert into SALESMAN (ID,NAME,COUNTRY,COMMISSION) values ('5985','Sherill Fallanche','China','14');
Insert into SALESMAN (ID,NAME,COUNTRY,COMMISSION) values ('5986','Sonnnie Werlock','Belarus','12');
Insert into SALESMAN (ID,NAME,COUNTRY,COMMISSION) values ('5987','Valry Jacobovitch','Venezuela','11');
Insert into SALESMAN (ID,NAME,COUNTRY,COMMISSION) values ('5988','Sebastian Cowl','China','14');
Insert into SALESMAN (ID,NAME,COUNTRY,COMMISSION) values ('5989','Sadie Caisley','China','12');
Insert into SALESMAN (ID,NAME,COUNTRY,COMMISSION) values ('5990','Delia Constanza','Belize','1');
Insert into SALESMAN (ID,NAME,COUNTRY,COMMISSION) values ('5991','Emeline Warrior','Japan','11');
Insert into SALESMAN (ID,NAME,COUNTRY,COMMISSION) values ('5992','Dore Buckmaster','Kazakhstan','11');
Insert into SALESMAN (ID,NAME,COUNTRY,COMMISSION) values ('5993','Konrad Antoniou','Germany','13');
Insert into SALESMAN (ID,NAME,COUNTRY,COMMISSION) values ('5994','Lorettalorna Pyatt','Slovenia','11');
Insert into SALESMAN (ID,NAME,COUNTRY,COMMISSION) values ('5995','Alwin Nussii','Indonesia','13');
Insert into SALESMAN (ID,NAME,COUNTRY,COMMISSION) values ('5996','Andy Schellig','Poland','14');
Insert into SALESMAN (ID,NAME,COUNTRY,COMMISSION) values ('5997','Krystal Knibley','United States','14');
Insert into SALESMAN (ID,NAME,COUNTRY,COMMISSION) values ('5998','Tamarra Huriche','Portugal','11');
Insert into SALESMAN (ID,NAME,COUNTRY,COMMISSION) values ('5999','Ezekiel Cogzell','Argentina','12');
Insert into SALESMAN (ID,NAME,COUNTRY,COMMISSION) values ('6000','Virgil Vasilov','Mexico','14');
Insert into SALESMAN (ID,NAME,COUNTRY,COMMISSION) values ('5001','Teodoor Tremlett','China','11');
Insert into SALESMAN (ID,NAME,COUNTRY,COMMISSION) values ('5002','Gerrilee McQuie','Russia','9');
Insert into SALESMAN (ID,NAME,COUNTRY,COMMISSION) values ('5003','Clemmie Duell','China','11');
Insert into SALESMAN (ID,NAME,COUNTRY,COMMISSION) values ('5004','Valencia Tomadoni','China','15');
Insert into SALESMAN (ID,NAME,COUNTRY,COMMISSION) values ('5005','Jandy De Lorenzo','Ukraine','1');
Insert into SALESMAN (ID,NAME,COUNTRY,COMMISSION) values ('5006','Pace Wolfer','Indonesia','14');
Insert into SALESMAN (ID,NAME,COUNTRY,COMMISSION) values ('5007','Baldwin Baltrushaitis','Czech Republic','13');
Insert into SALESMAN (ID,NAME,COUNTRY,COMMISSION) values ('5008','Elton Meenehan','Palestinian Territory','11');
Insert into SALESMAN (ID,NAME,COUNTRY,COMMISSION) values ('5009','Rubia Cakebread','Poland','12');
Insert into SALESMAN (ID,NAME,COUNTRY,COMMISSION) values ('5010','Killy Laidel','Czech Republic','15');
Insert into SALESMAN (ID,NAME,COUNTRY,COMMISSION) values ('5011','Jo-anne Chatfield','Indonesia','11');
Insert into SALESMAN (ID,NAME,COUNTRY,COMMISSION) values ('5012','Juana Chetter','New Zealand','14');
Insert into SALESMAN (ID,NAME,COUNTRY,COMMISSION) values ('5013','Seth Gallant','Niger','13');
Insert into SALESMAN (ID,NAME,COUNTRY,COMMISSION) values ('5014','Kayley Jumonet','Sweden','9');
Insert into SALESMAN (ID,NAME,COUNTRY,COMMISSION) values ('5015','Rutter Bernadzki','Cameroon','1');
Insert into SALESMAN (ID,NAME,COUNTRY,COMMISSION) values ('5016','Velvet Baitey','Uruguay','11');
Insert into SALESMAN (ID,NAME,COUNTRY,COMMISSION) values ('5017','Missy Larvin','Azerbaijan','15');
Insert into SALESMAN (ID,NAME,COUNTRY,COMMISSION) values ('5018','Adel Noone','Indonesia','15');
Insert into SALESMAN (ID,NAME,COUNTRY,COMMISSION) values ('5019','Deeann Girardetti','Russia','13');
Insert into SALESMAN (ID,NAME,COUNTRY,COMMISSION) values ('5020','Ettore Walley','Philippines','13');
Insert into SALESMAN (ID,NAME,COUNTRY,COMMISSION) values ('5021','Tim Scherer','Russia','1');
Insert into SALESMAN (ID,NAME,COUNTRY,COMMISSION) values ('5022','Eleonora Pitcaithly','Ukraine','11');
Insert into SALESMAN (ID,NAME,COUNTRY,COMMISSION) values ('5023','Cicily Bradder','Netherlands','9');
Insert into SALESMAN (ID,NAME,COUNTRY,COMMISSION) values ('5024','Corbett Lloyds','Syria','1');
Insert into SALESMAN (ID,NAME,COUNTRY,COMMISSION) values ('5025','Preston Hawtry','Brazil','14');
Insert into SALESMAN (ID,NAME,COUNTRY,COMMISSION) values ('5026','James Tripney','Philippines','11');
Insert into SALESMAN (ID,NAME,COUNTRY,COMMISSION) values ('5027','Rutger Alebrooke','Armenia','13');
Insert into SALESMAN (ID,NAME,COUNTRY,COMMISSION) values ('5028','Rodge Roman','Indonesia','12');
Insert into SALESMAN (ID,NAME,COUNTRY,COMMISSION) values ('5029','Rycca Pitrollo','France','14');
Insert into SALESMAN (ID,NAME,COUNTRY,COMMISSION) values ('5030','Lou Dymock','Indonesia','15');
Insert into SALESMAN (ID,NAME,COUNTRY,COMMISSION) values ('5031','Christalle Guiel','Albania','11');
Insert into SALESMAN (ID,NAME,COUNTRY,COMMISSION) values ('5032','Jarred Twycross','Afghanistan','15');
Insert into SALESMAN (ID,NAME,COUNTRY,COMMISSION) values ('5033','Cammy Domengue','China','1');
Insert into SALESMAN (ID,NAME,COUNTRY,COMMISSION) values ('5034','Johnette Winborn','United States','11');
Insert into SALESMAN (ID,NAME,COUNTRY,COMMISSION) values ('5035','Adiana Nevins','Indonesia','13');
Insert into SALESMAN (ID,NAME,COUNTRY,COMMISSION) values ('5036','Portia Pigford','Japan','11');
Insert into SALESMAN (ID,NAME,COUNTRY,COMMISSION) values ('5037','Rodrigo Padberry','Czech Republic','13');
Insert into SALESMAN (ID,NAME,COUNTRY,COMMISSION) values ('5038','Reuben Antusch','Finland','14');
Insert into SALESMAN (ID,NAME,COUNTRY,COMMISSION) values ('5039','Rafaellle Bowller','Indonesia','1');
Insert into SALESMAN (ID,NAME,COUNTRY,COMMISSION) values ('5040','Jakie Waddup','Portugal','12');
Insert into SALESMAN (ID,NAME,COUNTRY,COMMISSION) values ('5041','Kermit Lidington','Sweden','1');
Insert into SALESMAN (ID,NAME,COUNTRY,COMMISSION) values ('5042','Faustina Swayland','Malaysia','11');
Insert into SALESMAN (ID,NAME,COUNTRY,COMMISSION) values ('5043','Constantine Bantock','China','13');
Insert into SALESMAN (ID,NAME,COUNTRY,COMMISSION) values ('5044','Korrie Sheircliffe','Brazil','14');
Insert into SALESMAN (ID,NAME,COUNTRY,COMMISSION) values ('5045','Iormina Fiorentino','Kyrgyzstan','12');
Insert into SALESMAN (ID,NAME,COUNTRY,COMMISSION) values ('5046','Marjy Lillywhite','Russia','13');
Insert into SALESMAN (ID,NAME,COUNTRY,COMMISSION) values ('5047','Lyn Allam','Sweden','1');
Insert into SALESMAN (ID,NAME,COUNTRY,COMMISSION) values ('5048','Loella Chell','Philippines','13');
Insert into SALESMAN (ID,NAME,COUNTRY,COMMISSION) values ('5049','Crista Lamba','China','13');
Insert into SALESMAN (ID,NAME,COUNTRY,COMMISSION) values ('5050','Charles Messer','Poland','1');
Insert into SALESMAN (ID,NAME,COUNTRY,COMMISSION) values ('5051','Ferd Winchcombe','Argentina','15');
Insert into SALESMAN (ID,NAME,COUNTRY,COMMISSION) values ('5052','Luciana Leaf','China','9');
Insert into SALESMAN (ID,NAME,COUNTRY,COMMISSION) values ('5053','Britt Heeran','Iran','14');
Insert into SALESMAN (ID,NAME,COUNTRY,COMMISSION) values ('5054','Durante Kilduff','Canada','1');
Insert into SALESMAN (ID,NAME,COUNTRY,COMMISSION) values ('5055','Tabbie Verey','Greece','15');
Insert into SALESMAN (ID,NAME,COUNTRY,COMMISSION) values ('5056','Cassandra Castello','Indonesia','1');
Insert into SALESMAN (ID,NAME,COUNTRY,COMMISSION) values ('5057','Darn Whatling','China','1');
Insert into SALESMAN (ID,NAME,COUNTRY,COMMISSION) values ('5058','Arlie Lehmann','Indonesia','1');
Insert into SALESMAN (ID,NAME,COUNTRY,COMMISSION) values ('5059','Claudianus Normabell','China','12');
Insert into SALESMAN (ID,NAME,COUNTRY,COMMISSION) values ('5060','Barnie Tulip','Indonesia','13');
Insert into SALESMAN (ID,NAME,COUNTRY,COMMISSION) values ('5061','Reginauld Tabert','China','9');
Insert into SALESMAN (ID,NAME,COUNTRY,COMMISSION) values ('5062','Nada Yate','Poland','12');
Insert into SALESMAN (ID,NAME,COUNTRY,COMMISSION) values ('5063','Kristofor Pavolillo','China','12');
Insert into SALESMAN (ID,NAME,COUNTRY,COMMISSION) values ('5064','Vonni Cripwell','China','1');
Insert into SALESMAN (ID,NAME,COUNTRY,COMMISSION) values ('5065','Hernando Matthias','Azerbaijan','12');
Insert into SALESMAN (ID,NAME,COUNTRY,COMMISSION) values ('5066','Tally Rotge','France','13');
Insert into SALESMAN (ID,NAME,COUNTRY,COMMISSION) values ('5067','Giovanni Hargraves','Colombia','11');
Insert into SALESMAN (ID,NAME,COUNTRY,COMMISSION) values ('5068','Barrie Geikie','China','1');
Insert into SALESMAN (ID,NAME,COUNTRY,COMMISSION) values ('5069','Boyce Blazic','Thailand','9');
Insert into SALESMAN (ID,NAME,COUNTRY,COMMISSION) values ('5070','Linoel Errowe','Palestinian Territory','1');
Insert into SALESMAN (ID,NAME,COUNTRY,COMMISSION) values ('5071','Eloisa Oxenham','Russia','13');
Insert into SALESMAN (ID,NAME,COUNTRY,COMMISSION) values ('5072','Alisun Kubacek','Poland','9');
Insert into SALESMAN (ID,NAME,COUNTRY,COMMISSION) values ('5073','Wilfrid Amiss','Sweden','14');
Insert into SALESMAN (ID,NAME,COUNTRY,COMMISSION) values ('5074','Francesca Jugging','Philippines','12');
Insert into SALESMAN (ID,NAME,COUNTRY,COMMISSION) values ('5075','Burgess Tregona','Colombia','14');
Insert into SALESMAN (ID,NAME,COUNTRY,COMMISSION) values ('5076','Conny Toffaloni','China','13');
Insert into SALESMAN (ID,NAME,COUNTRY,COMMISSION) values ('5077','Kaleb Risso','Malaysia','12');
Insert into SALESMAN (ID,NAME,COUNTRY,COMMISSION) values ('5078','Robbie Sawrey','Philippines','15');
Insert into SALESMAN (ID,NAME,COUNTRY,COMMISSION) values ('5079','Jasmina Baine','Poland','14');
Insert into SALESMAN (ID,NAME,COUNTRY,COMMISSION) values ('5080','Petunia Ratray','Russia','14');
Insert into SALESMAN (ID,NAME,COUNTRY,COMMISSION) values ('5081','Padraic Castellone','Vietnam','12');
Insert into SALESMAN (ID,NAME,COUNTRY,COMMISSION) values ('5082','Willy Wetherby','Canada','11');
Insert into SALESMAN (ID,NAME,COUNTRY,COMMISSION) values ('5083','Desiree Champain','Italy','12');
Insert into SALESMAN (ID,NAME,COUNTRY,COMMISSION) values ('5084','Conant Morgon','Slovenia','12');
Insert into SALESMAN (ID,NAME,COUNTRY,COMMISSION) values ('5085','Cyndi Revening','Vietnam','1');
Insert into SALESMAN (ID,NAME,COUNTRY,COMMISSION) values ('5086','Zackariah Ovens','Nigeria','13');
Insert into SALESMAN (ID,NAME,COUNTRY,COMMISSION) values ('5087','Sid Wigin','China','12');
Insert into SALESMAN (ID,NAME,COUNTRY,COMMISSION) values ('5088','Skylar Haysar','Vietnam','11');
Insert into SALESMAN (ID,NAME,COUNTRY,COMMISSION) values ('5089','Garvey Mourbey','Morocco','12');
Insert into SALESMAN (ID,NAME,COUNTRY,COMMISSION) values ('5090','Hildagard Ferres','Kazakhstan','14');
Insert into SALESMAN (ID,NAME,COUNTRY,COMMISSION) values ('5091','Desi Zisneros','Portugal','13');
Insert into SALESMAN (ID,NAME,COUNTRY,COMMISSION) values ('5092','Lin Tubble','Kosovo','12');
Insert into SALESMAN (ID,NAME,COUNTRY,COMMISSION) values ('5093','Torie Ganforthe','Brazil','12');
Insert into SALESMAN (ID,NAME,COUNTRY,COMMISSION) values ('5094','Jeth Bassom','Azerbaijan','11');
Insert into SALESMAN (ID,NAME,COUNTRY,COMMISSION) values ('5095','Dolf Kennett','Indonesia','12');
Insert into SALESMAN (ID,NAME,COUNTRY,COMMISSION) values ('5096','Sebastiano Francesc','Philippines','1');
Insert into SALESMAN (ID,NAME,COUNTRY,COMMISSION) values ('5097','Hestia Hugenin','China','14');
Insert into SALESMAN (ID,NAME,COUNTRY,COMMISSION) values ('5098','Freeman Pruce','China','13');
Insert into SALESMAN (ID,NAME,COUNTRY,COMMISSION) values ('5099','Chico Izard','United States','1');
Insert into SALESMAN (ID,NAME,COUNTRY,COMMISSION) values ('5100','Steffane Faithfull','Latvia','1');
Insert into SALESMAN (ID,NAME,COUNTRY,COMMISSION) values ('5101','Christiana Morigan','Bosnia and Herzegovina','13');
Insert into SALESMAN (ID,NAME,COUNTRY,COMMISSION) values ('5102','Felic Aprahamian','South Africa','12');
Insert into SALESMAN (ID,NAME,COUNTRY,COMMISSION) values ('5103','Nelson Titmus','Poland','13');
Insert into SALESMAN (ID,NAME,COUNTRY,COMMISSION) values ('5104','Harlene Coulter','Nigeria','1');
Insert into SALESMAN (ID,NAME,COUNTRY,COMMISSION) values ('5105','Carlina McPike','Iraq','13');
Insert into SALESMAN (ID,NAME,COUNTRY,COMMISSION) values ('5106','Blake Hendrickx','Iran','1');
Insert into SALESMAN (ID,NAME,COUNTRY,COMMISSION) values ('5107','Daniele Odegaard','Poland','14');
Insert into SALESMAN (ID,NAME,COUNTRY,COMMISSION) values ('5108','Kaitlin Wankling','Greece','14');
Insert into SALESMAN (ID,NAME,COUNTRY,COMMISSION) values ('5109','Wade Smallsman','Russia','15');
Insert into SALESMAN (ID,NAME,COUNTRY,COMMISSION) values ('5110','Petra Valti','Japan','15');
Insert into SALESMAN (ID,NAME,COUNTRY,COMMISSION) values ('5111','Diena Roles','Portugal','12');
Insert into SALESMAN (ID,NAME,COUNTRY,COMMISSION) values ('5112','Clyde Hannum','Armenia','9');
Insert into SALESMAN (ID,NAME,COUNTRY,COMMISSION) values ('5113','Cahra Baugham','China','11');
Insert into SALESMAN (ID,NAME,COUNTRY,COMMISSION) values ('5114','Flin Oughtright','Poland','14');
Insert into SALESMAN (ID,NAME,COUNTRY,COMMISSION) values ('5115','Pietra Dumsday','Vietnam','12');
Insert into SALESMAN (ID,NAME,COUNTRY,COMMISSION) values ('5116','Mil Moulin','South Africa','13');
Insert into SALESMAN (ID,NAME,COUNTRY,COMMISSION) values ('5117','Eirena Donoghue','Indonesia','13');
Insert into SALESMAN (ID,NAME,COUNTRY,COMMISSION) values ('5118','Dulcine Russel','United Kingdom','9');
Insert into SALESMAN (ID,NAME,COUNTRY,COMMISSION) values ('5119','Dwain Sawday','French Polynesia','1');
Insert into SALESMAN (ID,NAME,COUNTRY,COMMISSION) values ('5120','Noami Bagge','Nigeria','9');
Insert into SALESMAN (ID,NAME,COUNTRY,COMMISSION) values ('5121','Grazia Kersey','United States','13');
Insert into SALESMAN (ID,NAME,COUNTRY,COMMISSION) values ('5122','Jeanine Pettiford','Poland','14');
Insert into SALESMAN (ID,NAME,COUNTRY,COMMISSION) values ('5123','Glori Klimas','Russia','9');
Insert into SALESMAN (ID,NAME,COUNTRY,COMMISSION) values ('5124','Mallorie Hurt','France','11');
Insert into SALESMAN (ID,NAME,COUNTRY,COMMISSION) values ('5125','Saundra Kennady','Argentina','13');
Insert into SALESMAN (ID,NAME,COUNTRY,COMMISSION) values ('5126','Brianne Janecek','Japan','15');
Insert into SALESMAN (ID,NAME,COUNTRY,COMMISSION) values ('5127','Corena D''Abbot-Doyle','Philippines','11');
Insert into SALESMAN (ID,NAME,COUNTRY,COMMISSION) values ('5128','Ingelbert Lickess','China','12');
Insert into SALESMAN (ID,NAME,COUNTRY,COMMISSION) values ('5129','Enoch Huzzey','Sweden','13');
Insert into SALESMAN (ID,NAME,COUNTRY,COMMISSION) values ('5130','Jonie Ruppeli','Indonesia','1');
Insert into SALESMAN (ID,NAME,COUNTRY,COMMISSION) values ('5131','Wenonah Mingo','China','13');
Insert into SALESMAN (ID,NAME,COUNTRY,COMMISSION) values ('5132','Nicolea Mokes','Paraguay','12');
Insert into SALESMAN (ID,NAME,COUNTRY,COMMISSION) values ('5133','Lia Sybbe','China','13');
Insert into SALESMAN (ID,NAME,COUNTRY,COMMISSION) values ('5134','Erek Cud','United States','14');
Insert into SALESMAN (ID,NAME,COUNTRY,COMMISSION) values ('5135','Marysa Whotton','Nigeria','11');
Insert into SALESMAN (ID,NAME,COUNTRY,COMMISSION) values ('5136','Rorie Cleft','Laos','14');
Insert into SALESMAN (ID,NAME,COUNTRY,COMMISSION) values ('5137','Lisette Ovitts','Vietnam','11');
Insert into SALESMAN (ID,NAME,COUNTRY,COMMISSION) values ('5138','Kathie Howlett','China','13');
Insert into SALESMAN (ID,NAME,COUNTRY,COMMISSION) values ('5139','Heinrick Cullagh','Peru','11');
Insert into SALESMAN (ID,NAME,COUNTRY,COMMISSION) values ('5140','Herman Maw','China','14');
Insert into SALESMAN (ID,NAME,COUNTRY,COMMISSION) values ('5141','Sybyl De Hooge','Thailand','1');
Insert into SALESMAN (ID,NAME,COUNTRY,COMMISSION) values ('5142','Ralina Cheverton','Indonesia','1');
Insert into SALESMAN (ID,NAME,COUNTRY,COMMISSION) values ('5143','Barbi Lortz','Poland','12');
Insert into SALESMAN (ID,NAME,COUNTRY,COMMISSION) values ('5144','Jeffy Mertsching','Guinea-Bissau','15');
Insert into SALESMAN (ID,NAME,COUNTRY,COMMISSION) values ('5145','Loydie Rawnsley','Czech Republic','12');
Insert into SALESMAN (ID,NAME,COUNTRY,COMMISSION) values ('5146','Patricio Ruffell','Slovenia','12');
Insert into SALESMAN (ID,NAME,COUNTRY,COMMISSION) values ('5147','Michale Woodhams','Peru','14');
Insert into SALESMAN (ID,NAME,COUNTRY,COMMISSION) values ('5148','Lanna Demetr','Ukraine','12');
Insert into SALESMAN (ID,NAME,COUNTRY,COMMISSION) values ('5149','Junie Blainey','China','13');
Insert into SALESMAN (ID,NAME,COUNTRY,COMMISSION) values ('5150','Dorie Eisikovitsh','Sweden','13');
Insert into SALESMAN (ID,NAME,COUNTRY,COMMISSION) values ('5151','Morley Mobberley','Philippines','1');
Insert into SALESMAN (ID,NAME,COUNTRY,COMMISSION) values ('5152','Maggie McDill','China','14');
Insert into SALESMAN (ID,NAME,COUNTRY,COMMISSION) values ('5153','Leandra Handrick','Thailand','11');
Insert into SALESMAN (ID,NAME,COUNTRY,COMMISSION) values ('5154','Bronson Aylin','Bolivia','9');
Insert into SALESMAN (ID,NAME,COUNTRY,COMMISSION) values ('5155','Dee dee Carlens','China','12');
Insert into SALESMAN (ID,NAME,COUNTRY,COMMISSION) values ('5156','Reinald Readman','Nigeria','13');
Insert into SALESMAN (ID,NAME,COUNTRY,COMMISSION) values ('5157','Arv Dumbrall','Indonesia','12');
Insert into SALESMAN (ID,NAME,COUNTRY,COMMISSION) values ('5158','Saunder Balcock','Chile','1');
Insert into SALESMAN (ID,NAME,COUNTRY,COMMISSION) values ('5159','Sabina Campana','Belarus','12');
Insert into SALESMAN (ID,NAME,COUNTRY,COMMISSION) values ('5160','Korella Lumsden','China','15');
Insert into SALESMAN (ID,NAME,COUNTRY,COMMISSION) values ('5161','Mordy Vasyagin','Indonesia','1');
Insert into SALESMAN (ID,NAME,COUNTRY,COMMISSION) values ('5162','Leonerd Draper','Bolivia','12');
Insert into SALESMAN (ID,NAME,COUNTRY,COMMISSION) values ('5163','Johna Perks','Portugal','11');
Insert into SALESMAN (ID,NAME,COUNTRY,COMMISSION) values ('5164','Giraud Lafflina','Russia','12');
Insert into SALESMAN (ID,NAME,COUNTRY,COMMISSION) values ('5165','Cello Ackerman','Yemen','9');
Insert into SALESMAN (ID,NAME,COUNTRY,COMMISSION) values ('5166','Rowland Brocket','China','12');
Insert into SALESMAN (ID,NAME,COUNTRY,COMMISSION) values ('5167','Clemence Piscopiello','China','11');
Insert into SALESMAN (ID,NAME,COUNTRY,COMMISSION) values ('5168','My Hardwin','Greece','12');
Insert into SALESMAN (ID,NAME,COUNTRY,COMMISSION) values ('5169','Letisha Ward','Poland','15');
Insert into SALESMAN (ID,NAME,COUNTRY,COMMISSION) values ('5170','Tawnya Kondratenya','China','12');
Insert into SALESMAN (ID,NAME,COUNTRY,COMMISSION) values ('5171','Pen Jenks','United States','14');
Insert into SALESMAN (ID,NAME,COUNTRY,COMMISSION) values ('5172','Uta Nolda','Russia','11');
Insert into SALESMAN (ID,NAME,COUNTRY,COMMISSION) values ('5173','Jodie Ohlsen','Colombia','11');
Insert into SALESMAN (ID,NAME,COUNTRY,COMMISSION) values ('5174','Jacquie Olech','Tanzania','14');
Insert into SALESMAN (ID,NAME,COUNTRY,COMMISSION) values ('5175','Augustin Tarpey','Brazil','1');
Insert into SALESMAN (ID,NAME,COUNTRY,COMMISSION) values ('5176','Dulcinea Watkiss','China','14');
Insert into SALESMAN (ID,NAME,COUNTRY,COMMISSION) values ('5177','Franni Harbertson','United States','13');
Insert into SALESMAN (ID,NAME,COUNTRY,COMMISSION) values ('5178','Ogdon Tallyn','Brazil','12');
Insert into SALESMAN (ID,NAME,COUNTRY,COMMISSION) values ('5179','Tuckie Falconer','Argentina','12');
Insert into SALESMAN (ID,NAME,COUNTRY,COMMISSION) values ('5180','Sol Hurring','China','9');
Insert into SALESMAN (ID,NAME,COUNTRY,COMMISSION) values ('5181','Maurine Greenin','Philippines','12');
Insert into SALESMAN (ID,NAME,COUNTRY,COMMISSION) values ('5182','Hilliard Alvin','United States','11');
Insert into SALESMAN (ID,NAME,COUNTRY,COMMISSION) values ('5183','Giustina Gildea','Poland','14');
Insert into SALESMAN (ID,NAME,COUNTRY,COMMISSION) values ('5184','Sada Syversen','Mexico','1');
Insert into SALESMAN (ID,NAME,COUNTRY,COMMISSION) values ('5185','Gunar Hunnam','China','15');
Insert into SALESMAN (ID,NAME,COUNTRY,COMMISSION) values ('5186','Bald Talboy','China','14');
Insert into SALESMAN (ID,NAME,COUNTRY,COMMISSION) values ('5187','Sayre Edgler','Canada','13');
Insert into SALESMAN (ID,NAME,COUNTRY,COMMISSION) values ('5188','Codie Dumphy','Philippines','1');
Insert into SALESMAN (ID,NAME,COUNTRY,COMMISSION) values ('5189','Perceval Bramhill','United States','12');
Insert into SALESMAN (ID,NAME,COUNTRY,COMMISSION) values ('5190','Sibeal Dering','Indonesia','12');
Insert into SALESMAN (ID,NAME,COUNTRY,COMMISSION) values ('5191','Paulie Adamson','Indonesia','12');
Insert into SALESMAN (ID,NAME,COUNTRY,COMMISSION) values ('5192','Farand Dancy','Slovenia','14');
Insert into SALESMAN (ID,NAME,COUNTRY,COMMISSION) values ('5193','Nicolle Vallentin','Indonesia','9');
Insert into SALESMAN (ID,NAME,COUNTRY,COMMISSION) values ('5194','Christiana Abotson','Gambia','15');
Insert into SALESMAN (ID,NAME,COUNTRY,COMMISSION) values ('5195','Jamil Kohrs','Argentina','11');
Insert into SALESMAN (ID,NAME,COUNTRY,COMMISSION) values ('5196','Hollis Fiddeman','Kyrgyzstan','13');
Insert into SALESMAN (ID,NAME,COUNTRY,COMMISSION) values ('5197','Booth Dell''Abbate','Croatia','13');
Insert into SALESMAN (ID,NAME,COUNTRY,COMMISSION) values ('5198','Bendix Popworth','Thailand','13');
Insert into SALESMAN (ID,NAME,COUNTRY,COMMISSION) values ('5199','Adair Miroy','Malaysia','14');
Insert into SALESMAN (ID,NAME,COUNTRY,COMMISSION) values ('5200','Therine Thoumasson','Ukraine','1');
Insert into SALESMAN (ID,NAME,COUNTRY,COMMISSION) values ('5201','Gabriella Affleck','Ukraine','14');
Insert into SALESMAN (ID,NAME,COUNTRY,COMMISSION) values ('5202','Eustace Eisikovitsh','Japan','15');
Insert into SALESMAN (ID,NAME,COUNTRY,COMMISSION) values ('5203','Wynny Conisbee','China','14');
Insert into SALESMAN (ID,NAME,COUNTRY,COMMISSION) values ('5204','Catherin Rowlin','Turkmenistan','13');
Insert into SALESMAN (ID,NAME,COUNTRY,COMMISSION) values ('5205','Liana Moxham','Brazil','15');
Insert into SALESMAN (ID,NAME,COUNTRY,COMMISSION) values ('5206','Sheridan Clemensen','China','11');
Insert into SALESMAN (ID,NAME,COUNTRY,COMMISSION) values ('5207','Olly Dearlove','Costa Rica','1');
Insert into SALESMAN (ID,NAME,COUNTRY,COMMISSION) values ('5208','Stanton Goggen','United Arab Emirates','1');
Insert into SALESMAN (ID,NAME,COUNTRY,COMMISSION) values ('5209','Irena Stammers','Indonesia','14');
Insert into SALESMAN (ID,NAME,COUNTRY,COMMISSION) values ('5210','Jorry Romagnosi','Lithuania','1');
Insert into SALESMAN (ID,NAME,COUNTRY,COMMISSION) values ('5211','Mano Hoffmann','Vietnam','12');
Insert into SALESMAN (ID,NAME,COUNTRY,COMMISSION) values ('5212','Patsy Miliffe','United States','11');
Insert into SALESMAN (ID,NAME,COUNTRY,COMMISSION) values ('5213','Lacie Pettett','Indonesia','12');
Insert into SALESMAN (ID,NAME,COUNTRY,COMMISSION) values ('5214','Loretta Basek','Czech Republic','15');
Insert into SALESMAN (ID,NAME,COUNTRY,COMMISSION) values ('5215','Gerardo De Vile','China','11');
Insert into SALESMAN (ID,NAME,COUNTRY,COMMISSION) values ('5216','Darcy Caistor','Indonesia','12');
Insert into SALESMAN (ID,NAME,COUNTRY,COMMISSION) values ('5217','Boone Dell ''Orto','Indonesia','12');
Insert into SALESMAN (ID,NAME,COUNTRY,COMMISSION) values ('5218','Sharlene Grichukhanov','Kenya','11');
Insert into SALESMAN (ID,NAME,COUNTRY,COMMISSION) values ('5219','Micheal Bernhart','Sweden','11');
Insert into SALESMAN (ID,NAME,COUNTRY,COMMISSION) values ('5220','Sasha Cohalan','Czech Republic','13');
Insert into SALESMAN (ID,NAME,COUNTRY,COMMISSION) values ('5221','Cordy Deddum','Brazil','1');
Insert into SALESMAN (ID,NAME,COUNTRY,COMMISSION) values ('5222','Jamie Decayette','China','13');
Insert into SALESMAN (ID,NAME,COUNTRY,COMMISSION) values ('5223','Adamo Dionis','Belize','1');
Insert into SALESMAN (ID,NAME,COUNTRY,COMMISSION) values ('5224','Johnette Hancorn','Argentina','13');
Insert into SALESMAN (ID,NAME,COUNTRY,COMMISSION) values ('5225','Ninetta Domegan','Thailand','13');
Insert into SALESMAN (ID,NAME,COUNTRY,COMMISSION) values ('5226','Ondrea Lownie','China','1');
Insert into SALESMAN (ID,NAME,COUNTRY,COMMISSION) values ('5227','Rivkah Caves','China','15');
Insert into SALESMAN (ID,NAME,COUNTRY,COMMISSION) values ('5228','Robert Viall','China','13');
Insert into SALESMAN (ID,NAME,COUNTRY,COMMISSION) values ('5229','Sibel Gotfrey','Portugal','14');
Insert into SALESMAN (ID,NAME,COUNTRY,COMMISSION) values ('5230','Nikolas Hurlin','Thailand','13');
Insert into SALESMAN (ID,NAME,COUNTRY,COMMISSION) values ('5231','Trudey Cowitz','Russia','14');
Insert into SALESMAN (ID,NAME,COUNTRY,COMMISSION) values ('5232','Thalia Gotecliffe','Finland','1');
Insert into SALESMAN (ID,NAME,COUNTRY,COMMISSION) values ('5233','Lucy McGeechan','Czech Republic','1');
Insert into SALESMAN (ID,NAME,COUNTRY,COMMISSION) values ('5234','Preston Grossier','Thailand','13');
Insert into SALESMAN (ID,NAME,COUNTRY,COMMISSION) values ('5235','Tessy Raynor','Philippines','1');
Insert into SALESMAN (ID,NAME,COUNTRY,COMMISSION) values ('5236','Eberhard Pawlick','Finland','13');
Insert into SALESMAN (ID,NAME,COUNTRY,COMMISSION) values ('5237','Karlan Monday','Czech Republic','11');
Insert into SALESMAN (ID,NAME,COUNTRY,COMMISSION) values ('5238','Travers Lawerence','Russia','11');
Insert into SALESMAN (ID,NAME,COUNTRY,COMMISSION) values ('5239','Katrina Dillway','Russia','1');
Insert into SALESMAN (ID,NAME,COUNTRY,COMMISSION) values ('5240','Emelia Kerrigan','Brazil','11');
Insert into SALESMAN (ID,NAME,COUNTRY,COMMISSION) values ('5241','Christoper Element','Nepal','15');
Insert into SALESMAN (ID,NAME,COUNTRY,COMMISSION) values ('5242','Alameda Kolak','Lithuania','14');
Insert into SALESMAN (ID,NAME,COUNTRY,COMMISSION) values ('5243','Susan Olenchenko','Peru','1');
Insert into SALESMAN (ID,NAME,COUNTRY,COMMISSION) values ('5244','Kaleb Laboune','China','11');
Insert into SALESMAN (ID,NAME,COUNTRY,COMMISSION) values ('5245','Damian Laviss','China','13');
Insert into SALESMAN (ID,NAME,COUNTRY,COMMISSION) values ('5246','Ariel Tring','China','14');
Insert into SALESMAN (ID,NAME,COUNTRY,COMMISSION) values ('5247','Stan Dyott','Poland','12');
Insert into SALESMAN (ID,NAME,COUNTRY,COMMISSION) values ('5248','Kipp Huncote','Poland','1');
Insert into SALESMAN (ID,NAME,COUNTRY,COMMISSION) values ('5249','Dean Pyle','New Zealand','11');
Insert into SALESMAN (ID,NAME,COUNTRY,COMMISSION) values ('5250','Peder Gantz','Russia','14');
Insert into SALESMAN (ID,NAME,COUNTRY,COMMISSION) values ('5251','Way Finlayson','Czech Republic','14');
Insert into SALESMAN (ID,NAME,COUNTRY,COMMISSION) values ('5252','Giulietta Eccleshare','China','12');
Insert into SALESMAN (ID,NAME,COUNTRY,COMMISSION) values ('5253','Bear Wetherill','China','9');
Insert into SALESMAN (ID,NAME,COUNTRY,COMMISSION) values ('5254','Ashlen Ianiello','Mali','12');
Insert into SALESMAN (ID,NAME,COUNTRY,COMMISSION) values ('5255','Roderic Curl','China','11');
Insert into SALESMAN (ID,NAME,COUNTRY,COMMISSION) values ('5256','Vyky Aire','Sweden','11');
Insert into SALESMAN (ID,NAME,COUNTRY,COMMISSION) values ('5257','Dorie Neem','Poland','1');
Insert into SALESMAN (ID,NAME,COUNTRY,COMMISSION) values ('5258','Nara Lydster','Indonesia','15');
Insert into SALESMAN (ID,NAME,COUNTRY,COMMISSION) values ('5259','Reina Aveyard','Indonesia','14');
Insert into SALESMAN (ID,NAME,COUNTRY,COMMISSION) values ('5260','Gibby Goggan','Peru','13');
Insert into SALESMAN (ID,NAME,COUNTRY,COMMISSION) values ('5261','Annadiane Whiting','Sweden','11');
Insert into SALESMAN (ID,NAME,COUNTRY,COMMISSION) values ('5262','Biddy Strowger','China','14');
Insert into SALESMAN (ID,NAME,COUNTRY,COMMISSION) values ('5263','Alyce Lindfors','Nigeria','14');
Insert into SALESMAN (ID,NAME,COUNTRY,COMMISSION) values ('5264','Vania Tamblyn','Peru','14');
Insert into SALESMAN (ID,NAME,COUNTRY,COMMISSION) values ('5265','Lynn Strutt','Philippines','9');
Insert into SALESMAN (ID,NAME,COUNTRY,COMMISSION) values ('5266','Sharlene Casbourne','Philippines','12');
Insert into SALESMAN (ID,NAME,COUNTRY,COMMISSION) values ('5267','Sergio Longstaffe','Indonesia','15');
Insert into SALESMAN (ID,NAME,COUNTRY,COMMISSION) values ('5268','Casey Antonsen','China','13');
Insert into SALESMAN (ID,NAME,COUNTRY,COMMISSION) values ('5269','Allie Dronsfield','Indonesia','14');
Insert into SALESMAN (ID,NAME,COUNTRY,COMMISSION) values ('5270','Rozina Bastock','Thailand','13');
Insert into SALESMAN (ID,NAME,COUNTRY,COMMISSION) values ('5271','Laurena Giamo','Philippines','9');
Insert into SALESMAN (ID,NAME,COUNTRY,COMMISSION) values ('5272','Jordan Forde','France','12');
Insert into SALESMAN (ID,NAME,COUNTRY,COMMISSION) values ('5273','Cyndy Pailin','Ukraine','12');
Insert into SALESMAN (ID,NAME,COUNTRY,COMMISSION) values ('5274','Terrance Giacomo','China','14');
Insert into SALESMAN (ID,NAME,COUNTRY,COMMISSION) values ('5275','Ripley O''Malley','Greece','15');
Insert into SALESMAN (ID,NAME,COUNTRY,COMMISSION) values ('5276','Margaux Neesham','China','13');
Insert into SALESMAN (ID,NAME,COUNTRY,COMMISSION) values ('5277','Adelheid Memory','China','13');
Insert into SALESMAN (ID,NAME,COUNTRY,COMMISSION) values ('5278','Elsy Janman','China','13');
Insert into SALESMAN (ID,NAME,COUNTRY,COMMISSION) values ('5279','Titos Rudolfer','New Zealand','11');
Insert into SALESMAN (ID,NAME,COUNTRY,COMMISSION) values ('5280','Adelheid Jorat','Peru','13');
Insert into SALESMAN (ID,NAME,COUNTRY,COMMISSION) values ('5281','Slade O''Leagham','Poland','11');
Insert into SALESMAN (ID,NAME,COUNTRY,COMMISSION) values ('5282','Homere Stuffins','China','13');
Insert into SALESMAN (ID,NAME,COUNTRY,COMMISSION) values ('5283','Kala Beeching','Mali','9');
Insert into SALESMAN (ID,NAME,COUNTRY,COMMISSION) values ('5284','Sibley Denning','Indonesia','11');
Insert into SALESMAN (ID,NAME,COUNTRY,COMMISSION) values ('5285','Benedikt Dudek','Chile','12');
Insert into SALESMAN (ID,NAME,COUNTRY,COMMISSION) values ('5286','Stuart Assante','Uganda','13');
Insert into SALESMAN (ID,NAME,COUNTRY,COMMISSION) values ('5287','Fernandina Aberdein','Russia','1');
Insert into SALESMAN (ID,NAME,COUNTRY,COMMISSION) values ('5288','Kassie Djorevic','Brazil','13');
Insert into SALESMAN (ID,NAME,COUNTRY,COMMISSION) values ('5289','Kalina Moynihan','Poland','11');
Insert into SALESMAN (ID,NAME,COUNTRY,COMMISSION) values ('5290','Noach Whitebrook','Russia','12');
Insert into SALESMAN (ID,NAME,COUNTRY,COMMISSION) values ('5291','Gilberto Cottey','France','11');
Insert into SALESMAN (ID,NAME,COUNTRY,COMMISSION) values ('5292','Rana Halfacre','Palestinian Territory','14');
Insert into SALESMAN (ID,NAME,COUNTRY,COMMISSION) values ('5293','Cinnamon Raitie','Portugal','11');
Insert into SALESMAN (ID,NAME,COUNTRY,COMMISSION) values ('5294','Imelda Kerfut','Colombia','14');
Insert into SALESMAN (ID,NAME,COUNTRY,COMMISSION) values ('5295','Trula Uc','Hungary','14');
Insert into SALESMAN (ID,NAME,COUNTRY,COMMISSION) values ('5296','Adoree Procter','Brazil','1');
Insert into SALESMAN (ID,NAME,COUNTRY,COMMISSION) values ('5297','Gael Beau','Brazil','14');
Insert into SALESMAN (ID,NAME,COUNTRY,COMMISSION) values ('5298','Aluin Mougin','Philippines','12');
Insert into SALESMAN (ID,NAME,COUNTRY,COMMISSION) values ('5299','Sigrid Prestage','Brazil','1');
Insert into SALESMAN (ID,NAME,COUNTRY,COMMISSION) values ('5300','Llewellyn Scarsbrick','Indonesia','14');
Insert into SALESMAN (ID,NAME,COUNTRY,COMMISSION) values ('5301','Yovonnda Ruddock','Iran','9');
Insert into SALESMAN (ID,NAME,COUNTRY,COMMISSION) values ('5302','Corbet Arkill','Indonesia','15');
Insert into SALESMAN (ID,NAME,COUNTRY,COMMISSION) values ('5303','Gare Rowcliffe','Portugal','12');
Insert into SALESMAN (ID,NAME,COUNTRY,COMMISSION) values ('5304','Clare Merle','Japan','9');
Insert into SALESMAN (ID,NAME,COUNTRY,COMMISSION) values ('5305','Cecilia Semrad','Philippines','11');
Insert into SALESMAN (ID,NAME,COUNTRY,COMMISSION) values ('5306','Alexandr Brattell','China','13');
Insert into SALESMAN (ID,NAME,COUNTRY,COMMISSION) values ('5307','Clark Rourke','Palestinian Territory','11');
Insert into SALESMAN (ID,NAME,COUNTRY,COMMISSION) values ('5308','Adina Haselhurst','Indonesia','1');
Insert into SALESMAN (ID,NAME,COUNTRY,COMMISSION) values ('5309','Wade Ackers','Peru','13');
Insert into SALESMAN (ID,NAME,COUNTRY,COMMISSION) values ('5310','Shay Bernhardi','Denmark','12');
Insert into SALESMAN (ID,NAME,COUNTRY,COMMISSION) values ('5311','Lorant Fonteyne','Thailand','11');
Insert into SALESMAN (ID,NAME,COUNTRY,COMMISSION) values ('5312','Raimund Zecchinelli','Indonesia','11');
Insert into SALESMAN (ID,NAME,COUNTRY,COMMISSION) values ('5313','Afton Wesgate','Ivory Coast','1');
Insert into SALESMAN (ID,NAME,COUNTRY,COMMISSION) values ('5314','Jacklin Veart','Vietnam','12');
Insert into SALESMAN (ID,NAME,COUNTRY,COMMISSION) values ('5315','Fanny Bogue','Philippines','11');
Insert into SALESMAN (ID,NAME,COUNTRY,COMMISSION) values ('5316','Matthias Smithies','Malaysia','13');
Insert into SALESMAN (ID,NAME,COUNTRY,COMMISSION) values ('5317','Meggi Gludor','Finland','11');
Insert into SALESMAN (ID,NAME,COUNTRY,COMMISSION) values ('5318','Caroline McCorley','Indonesia','11');
Insert into SALESMAN (ID,NAME,COUNTRY,COMMISSION) values ('5319','Cassy Arboine','China','14');
Insert into SALESMAN (ID,NAME,COUNTRY,COMMISSION) values ('5320','Bartram Maric','Paraguay','14');
Insert into SALESMAN (ID,NAME,COUNTRY,COMMISSION) values ('5321','Susann Musprat','Honduras','15');
Insert into SALESMAN (ID,NAME,COUNTRY,COMMISSION) values ('5322','Bink Pylkynyton','Indonesia','14');
Insert into SALESMAN (ID,NAME,COUNTRY,COMMISSION) values ('5323','Trueman Spencers','Sierra Leone','11');
Insert into SALESMAN (ID,NAME,COUNTRY,COMMISSION) values ('5324','Noellyn Malloch','Japan','1');
Insert into SALESMAN (ID,NAME,COUNTRY,COMMISSION) values ('5325','Stella Mayne','Iraq','13');
Insert into SALESMAN (ID,NAME,COUNTRY,COMMISSION) values ('5326','Matti Jery','Guinea','1');
Insert into SALESMAN (ID,NAME,COUNTRY,COMMISSION) values ('5327','Tod Matura','Switzerland','11');
Insert into SALESMAN (ID,NAME,COUNTRY,COMMISSION) values ('5328','Paula Mapstone','Russia','13');
Insert into SALESMAN (ID,NAME,COUNTRY,COMMISSION) values ('5329','Martynne Luna','Chile','14');
Insert into SALESMAN (ID,NAME,COUNTRY,COMMISSION) values ('5330','Burton Wreak','Serbia','11');
Insert into SALESMAN (ID,NAME,COUNTRY,COMMISSION) values ('5331','Cristian Stackbridge','Brazil','12');
Insert into SALESMAN (ID,NAME,COUNTRY,COMMISSION) values ('5332','Edita Constanza','Palestinian Territory','14');
Insert into SALESMAN (ID,NAME,COUNTRY,COMMISSION) values ('5333','Ashli Fawdry','Afghanistan','1');
Insert into SALESMAN (ID,NAME,COUNTRY,COMMISSION) values ('5334','Berne Warcop','Indonesia','13');
Insert into SALESMAN (ID,NAME,COUNTRY,COMMISSION) values ('5335','Caren Halden','Portugal','1');
Insert into SALESMAN (ID,NAME,COUNTRY,COMMISSION) values ('5336','Avigdor Stelfox','Indonesia','1');
Insert into SALESMAN (ID,NAME,COUNTRY,COMMISSION) values ('5337','Cindi Cadore','Indonesia','11');
Insert into SALESMAN (ID,NAME,COUNTRY,COMMISSION) values ('5338','Leann Docker','Guatemala','14');
Insert into SALESMAN (ID,NAME,COUNTRY,COMMISSION) values ('5339','Candida Daughtery','Indonesia','12');
Insert into SALESMAN (ID,NAME,COUNTRY,COMMISSION) values ('5340','Othilie Guillot','Poland','13');
Insert into SALESMAN (ID,NAME,COUNTRY,COMMISSION) values ('5341','Jessalin Emlyn','China','14');
Insert into SALESMAN (ID,NAME,COUNTRY,COMMISSION) values ('5342','Euell Jann','Russia','11');
Insert into SALESMAN (ID,NAME,COUNTRY,COMMISSION) values ('5343','Brian Bettesworth','Indonesia','14');
Insert into SALESMAN (ID,NAME,COUNTRY,COMMISSION) values ('5344','Catriona Paullin','Thailand','9');
Insert into SALESMAN (ID,NAME,COUNTRY,COMMISSION) values ('5345','Esteban Tranfield','U.S. Virgin Islands','14');
Insert into SALESMAN (ID,NAME,COUNTRY,COMMISSION) values ('5346','Guntar Clancy','China','15');
Insert into SALESMAN (ID,NAME,COUNTRY,COMMISSION) values ('5347','Alric McGuirk','China','11');
Insert into SALESMAN (ID,NAME,COUNTRY,COMMISSION) values ('5348','Odille Powell','Botswana','13');
Insert into SALESMAN (ID,NAME,COUNTRY,COMMISSION) values ('5349','Terri Turfin','Greece','13');
Insert into SALESMAN (ID,NAME,COUNTRY,COMMISSION) values ('5350','Dody Danit','Russia','1');
Insert into SALESMAN (ID,NAME,COUNTRY,COMMISSION) values ('5351','Kerstin Mounter','Portugal','12');
Insert into SALESMAN (ID,NAME,COUNTRY,COMMISSION) values ('5352','Etti Brodie','Egypt','11');
Insert into SALESMAN (ID,NAME,COUNTRY,COMMISSION) values ('5353','Guthrie Downage','Argentina','9');
Insert into SALESMAN (ID,NAME,COUNTRY,COMMISSION) values ('5354','Tam Crampsy','Brazil','12');
Insert into SALESMAN (ID,NAME,COUNTRY,COMMISSION) values ('5355','Cozmo Kewzick','Brazil','15');
Insert into SALESMAN (ID,NAME,COUNTRY,COMMISSION) values ('5356','Jerrome Colliard','China','11');
Insert into SALESMAN (ID,NAME,COUNTRY,COMMISSION) values ('5357','Calli Dorset','China','13');
Insert into SALESMAN (ID,NAME,COUNTRY,COMMISSION) values ('5358','Rob Olivier','Bolivia','11');
Insert into SALESMAN (ID,NAME,COUNTRY,COMMISSION) values ('5359','Kerwinn Gaw','Indonesia','9');
Insert into SALESMAN (ID,NAME,COUNTRY,COMMISSION) values ('5360','Burnaby Farnall','Indonesia','1');
Insert into SALESMAN (ID,NAME,COUNTRY,COMMISSION) values ('5361','Catriona Shaves','Portugal','13');
Insert into SALESMAN (ID,NAME,COUNTRY,COMMISSION) values ('5362','Carlen Conrart','France','14');
Insert into SALESMAN (ID,NAME,COUNTRY,COMMISSION) values ('5363','Richardo Wessing','Palestinian Territory','12');
Insert into SALESMAN (ID,NAME,COUNTRY,COMMISSION) values ('5364','Philis Evamy','Peru','13');
Insert into SALESMAN (ID,NAME,COUNTRY,COMMISSION) values ('5365','Lilas Cushe','Thailand','1');
Insert into SALESMAN (ID,NAME,COUNTRY,COMMISSION) values ('5366','Michael Thring','Russia','12');
Insert into SALESMAN (ID,NAME,COUNTRY,COMMISSION) values ('5367','Lyndell Tarry','Colombia','13');
Insert into SALESMAN (ID,NAME,COUNTRY,COMMISSION) values ('5368','Mignon Troman','China','13');
Insert into SALESMAN (ID,NAME,COUNTRY,COMMISSION) values ('5369','Kipper Cosgreave','Serbia','9');
Insert into SALESMAN (ID,NAME,COUNTRY,COMMISSION) values ('5370','Jaye Teager','Albania','11');
Insert into SALESMAN (ID,NAME,COUNTRY,COMMISSION) values ('5371','Wilie Brindle','France','13');
Insert into SALESMAN (ID,NAME,COUNTRY,COMMISSION) values ('5372','Allister Killough','Russia','9');
Insert into SALESMAN (ID,NAME,COUNTRY,COMMISSION) values ('5373','Gregorio Goulder','Pakistan','13');
Insert into SALESMAN (ID,NAME,COUNTRY,COMMISSION) values ('5374','Consuela Wasylkiewicz','China','13');
Insert into SALESMAN (ID,NAME,COUNTRY,COMMISSION) values ('5375','Moira Swarbrick','Indonesia','12');
Insert into SALESMAN (ID,NAME,COUNTRY,COMMISSION) values ('5376','Lonni Latchmore','France','15');
Insert into SALESMAN (ID,NAME,COUNTRY,COMMISSION) values ('5377','Cordy Fehely','Peru','12');
Insert into SALESMAN (ID,NAME,COUNTRY,COMMISSION) values ('5378','Melisa Orrow','Sweden','11');
Insert into SALESMAN (ID,NAME,COUNTRY,COMMISSION) values ('5379','Elvera Thresher','Malaysia','1');
Insert into SALESMAN (ID,NAME,COUNTRY,COMMISSION) values ('5380','Olympe Georgot','Greece','11');
Insert into SALESMAN (ID,NAME,COUNTRY,COMMISSION) values ('5381','Nikolia Gery','Palau','12');
Insert into SALESMAN (ID,NAME,COUNTRY,COMMISSION) values ('5382','Saleem Bruinsma','Cameroon','14');
Insert into SALESMAN (ID,NAME,COUNTRY,COMMISSION) values ('5383','Sergei Keith','Indonesia','1');
Insert into SALESMAN (ID,NAME,COUNTRY,COMMISSION) values ('5384','Aylmer Brownlie','China','9');
Insert into SALESMAN (ID,NAME,COUNTRY,COMMISSION) values ('5385','Peder Ennals','Philippines','14');
Insert into SALESMAN (ID,NAME,COUNTRY,COMMISSION) values ('5386','Alwin Healeas','North Korea','9');
Insert into SALESMAN (ID,NAME,COUNTRY,COMMISSION) values ('5387','Kahaleel Camble','South Africa','1');
Insert into SALESMAN (ID,NAME,COUNTRY,COMMISSION) values ('5388','Michaelina Garrigan','Sweden','12');
Insert into SALESMAN (ID,NAME,COUNTRY,COMMISSION) values ('5389','Dani Harewood','Czech Republic','14');
Insert into SALESMAN (ID,NAME,COUNTRY,COMMISSION) values ('5390','Kurt Boow','Mexico','1');
Insert into SALESMAN (ID,NAME,COUNTRY,COMMISSION) values ('5391','Elise Lonnon','Philippines','1');
Insert into SALESMAN (ID,NAME,COUNTRY,COMMISSION) values ('5392','Harbert Maudson','Thailand','12');
Insert into SALESMAN (ID,NAME,COUNTRY,COMMISSION) values ('5393','Franklyn Gaisford','Indonesia','14');
Insert into SALESMAN (ID,NAME,COUNTRY,COMMISSION) values ('5394','Teriann Osment','Palestinian Territory','13');
Insert into SALESMAN (ID,NAME,COUNTRY,COMMISSION) values ('5395','Katharine Marran','Palestinian Territory','12');
Insert into SALESMAN (ID,NAME,COUNTRY,COMMISSION) values ('5396','Giselbert Croster','Slovenia','12');
Insert into SALESMAN (ID,NAME,COUNTRY,COMMISSION) values ('5397','Fredek Gosling','Nicaragua','15');
Insert into SALESMAN (ID,NAME,COUNTRY,COMMISSION) values ('5398','Rog Harwick','Poland','14');
Insert into SALESMAN (ID,NAME,COUNTRY,COMMISSION) values ('5399','Penrod Brosi','China','13');
Insert into SALESMAN (ID,NAME,COUNTRY,COMMISSION) values ('5400','Pearline Gransden','Russia','14');
Insert into SALESMAN (ID,NAME,COUNTRY,COMMISSION) values ('5401','Odille Clotworthy','China','12');
Insert into SALESMAN (ID,NAME,COUNTRY,COMMISSION) values ('5402','Estevan Compfort','Philippines','12');
Insert into SALESMAN (ID,NAME,COUNTRY,COMMISSION) values ('5403','Kathye Broadist','Zimbabwe','11');
Insert into SALESMAN (ID,NAME,COUNTRY,COMMISSION) values ('5404','Darb O''Corren','Indonesia','15');
Insert into SALESMAN (ID,NAME,COUNTRY,COMMISSION) values ('5405','Tim Fleischer','Indonesia','13');
Insert into SALESMAN (ID,NAME,COUNTRY,COMMISSION) values ('5406','Jobyna Bird','United States','11');
--------------------------------------------------------
--  DDL for Index PK_CUST
--------------------------------------------------------

  CREATE UNIQUE INDEX "PK_CUST" ON "CUSTOMERS" ("ID") 
  ;
--------------------------------------------------------
--  DDL for Index PK_ORD
--------------------------------------------------------

  CREATE UNIQUE INDEX "PK_ORD" ON "ORDERS" ("ID") 
  ;
--------------------------------------------------------
--  DDL for Index PK_SALES
--------------------------------------------------------

  CREATE UNIQUE INDEX "PK_SALES" ON "SALESMAN" ("ID") 
  ;
--------------------------------------------------------
--  Constraints for Table CUSTOMERS
--------------------------------------------------------

  ALTER TABLE "CUSTOMERS" MODIFY ("ID" NOT NULL ENABLE);
  ALTER TABLE "CUSTOMERS" MODIFY ("NAME" NOT NULL ENABLE);
  ALTER TABLE "CUSTOMERS" MODIFY ("COUNTRY" NOT NULL ENABLE);
  ALTER TABLE "CUSTOMERS" MODIFY ("GRADE" NOT NULL ENABLE);
  ALTER TABLE "CUSTOMERS" MODIFY ("SALESMAN_ID" NOT NULL ENABLE);
  ALTER TABLE "CUSTOMERS" ADD CONSTRAINT "PK_CUST" PRIMARY KEY ("ID")
  USING INDEX  ENABLE;
--------------------------------------------------------
--  Constraints for Table ORDERS
--------------------------------------------------------

  ALTER TABLE "ORDERS" MODIFY ("ID" NOT NULL ENABLE);
  ALTER TABLE "ORDERS" MODIFY ("AMOUNT" NOT NULL ENABLE);
  ALTER TABLE "ORDERS" MODIFY ("ORDER_DATE" NOT NULL ENABLE);
  ALTER TABLE "ORDERS" MODIFY ("CUSTOMER_ID" NOT NULL ENABLE);
  ALTER TABLE "ORDERS" MODIFY ("SALESMAN_ID" NOT NULL ENABLE);
  ALTER TABLE "ORDERS" ADD CONSTRAINT "PK_ORD" PRIMARY KEY ("ID")
  USING INDEX  ENABLE;
--------------------------------------------------------
--  Constraints for Table SALESMAN
--------------------------------------------------------

  ALTER TABLE "SALESMAN" MODIFY ("ID" NOT NULL ENABLE);
  ALTER TABLE "SALESMAN" MODIFY ("NAME" NOT NULL ENABLE);
  ALTER TABLE "SALESMAN" MODIFY ("COUNTRY" NOT NULL ENABLE);
  ALTER TABLE "SALESMAN" MODIFY ("COMMISSION" NOT NULL ENABLE);
  ALTER TABLE "SALESMAN" ADD CONSTRAINT "PK_SALES" PRIMARY KEY ("ID")
  USING INDEX  ENABLE;
--------------------------------------------------------
--  Ref Constraints for Table CUSTOMERS
--------------------------------------------------------

  ALTER TABLE "CUSTOMERS" ADD CONSTRAINT "FK_SALES" FOREIGN KEY ("SALESMAN_ID")
	  REFERENCES "SALESMAN" ("ID") ENABLE;
--------------------------------------------------------
--  Ref Constraints for Table ORDERS
--------------------------------------------------------

  ALTER TABLE "ORDERS" ADD CONSTRAINT "FK_SALES_ORD" FOREIGN KEY ("SALESMAN_ID")
	  REFERENCES "SALESMAN" ("ID") ENABLE;
  ALTER TABLE "ORDERS" ADD CONSTRAINT "FK_CUST" FOREIGN KEY ("CUSTOMER_ID")
	  REFERENCES "CUSTOMERS" ("ID") ENABLE;
